slice_size,avg_time_s,peak_memory_mb,test_name,dataset_name,pattern_length,fixed_slice_size,k_threshold,match_count,pattern
10000.0,0.21082723229992553,18.84499168395996,test1_slice_size,GCA_000005845.2_ASM584v2_genomic.fna,,,,,
30000.0,0.04923188940010732,0.46495819091796875,test1_slice_size,GCA_000005845.2_ASM584v2_genomic.fna,,,,,
50000.0,0.08180220220092452,0.7747583389282227,test1_slice_size,GCA_000005845.2_ASM584v2_genomic.fna,,,,,
70000.0,0.11503590566765827,1.0845460891723633,test1_slice_size,GCA_000005845.2_ASM584v2_genomic.fna,,,,,
90000.0,0.15173908133389583,1.3949270248413086,test1_slice_size,GCA_000005845.2_ASM584v2_genomic.fna,,,,,
110000.0,0.18592860466742422,1.7037038803100586,test1_slice_size,GCA_000005845.2_ASM584v2_genomic.fna,,,,,
130000.0,0.21123212599923136,2.0117340087890625,test1_slice_size,GCA_000005845.2_ASM584v2_genomic.fna,,,,,
,0.06930381836670373,0.8010520935058594,test2_pattern_length,GCA_000005845.2_ASM584v2_genomic.fna,5.0,50000.0,,,
,0.13901821320032468,0.7639884948730469,test2_pattern_length,GCA_000005845.2_ASM584v2_genomic.fna,10.0,50000.0,,,
,0.20810321800017845,0.7631950378417969,test2_pattern_length,GCA_000005845.2_ASM584v2_genomic.fna,15.0,50000.0,,,
,0.27182659242784474,0.7639884948730469,test2_pattern_length,GCA_000005845.2_ASM584v2_genomic.fna,20.0,50000.0,,,
,0.4256224494005437,0.7631950378417969,test2_pattern_length,GCA_000005845.2_ASM584v2_genomic.fna,30.0,50000.0,,,
,0.5530473893328841,0.7639884948730469,test2_pattern_length,GCA_000005845.2_ASM584v2_genomic.fna,40.0,50000.0,,,
,0.694023313333067,0.7639884948730469,test2_pattern_length,GCA_000005845.2_ASM584v2_genomic.fna,50.0,50000.0,,,
,0.05324631779949414,0.4580192565917969,test3_k_threshold,GCA_000005845.2_ASM584v2_genomic.fna,,30000.0,0.0,1.0,TATAAT
,0.053582762800215275,0.4643821716308594,test3_k_threshold,GCA_000005845.2_ASM584v2_genomic.fna,,30000.0,1.0,171.0,TATAAT
,0.04998780159949092,0.547576904296875,test3_k_threshold,GCA_000005845.2_ASM584v2_genomic.fna,,30000.0,2.0,2308.0,TATAAT
,0.05019808579963865,0.8937034606933594,test3_k_threshold,GCA_000005845.2_ASM584v2_genomic.fna,,30000.0,3.0,11435.0,TATAAT
10000.0,0.016962666800100123,0.15712451934814453,test1_slice_size,GCA_000269645.2_PB_Esch_coli_MG12655_V1_genomic.fna,,,,,
30000.0,0.055777061799017244,0.47063446044921875,test1_slice_size,GCA_000269645.2_PB_Esch_coli_MG12655_V1_genomic.fna,,,,,
50000.0,0.0843663348001428,0.7807989120483398,test1_slice_size,GCA_000269645.2_PB_Esch_coli_MG12655_V1_genomic.fna,,,,,
70000.0,0.12883394966532555,1.0922470092773438,test1_slice_size,GCA_000269645.2_PB_Esch_coli_MG12655_V1_genomic.fna,,,,,
90000.0,0.16367666033329442,1.4054632186889648,test1_slice_size,GCA_000269645.2_PB_Esch_coli_MG12655_V1_genomic.fna,,,,,
110000.0,0.1887339660000483,1.7192449569702148,test1_slice_size,GCA_000269645.2_PB_Esch_coli_MG12655_V1_genomic.fna,,,,,
130000.0,0.2245462356659118,2.028265953063965,test1_slice_size,GCA_000269645.2_PB_Esch_coli_MG12655_V1_genomic.fna,,,,,
,0.06982232386653778,0.8147544860839844,test2_pattern_length,GCA_000269645.2_PB_Esch_coli_MG12655_V1_genomic.fna,5.0,50000.0,,,
,0.13411122519998267,0.7633323669433594,test2_pattern_length,GCA_000269645.2_PB_Esch_coli_MG12655_V1_genomic.fna,10.0,50000.0,,,
,0.2004461332995561,0.7631950378417969,test2_pattern_length,GCA_000269645.2_PB_Esch_coli_MG12655_V1_genomic.fna,15.0,50000.0,,,
,0.2655646197142362,0.7639884948730469,test2_pattern_length,GCA_000269645.2_PB_Esch_coli_MG12655_V1_genomic.fna,20.0,50000.0,,,
,0.39555598580045626,0.7631950378417969,test2_pattern_length,GCA_000269645.2_PB_Esch_coli_MG12655_V1_genomic.fna,30.0,50000.0,,,
,0.526867369999915,0.7631950378417969,test2_pattern_length,GCA_000269645.2_PB_Esch_coli_MG12655_V1_genomic.fna,40.0,50000.0,,,
,0.6582616563318879,0.7639884948730469,test2_pattern_length,GCA_000269645.2_PB_Esch_coli_MG12655_V1_genomic.fna,50.0,50000.0,,,
,0.048681558400858194,0.4581871032714844,test3_k_threshold,GCA_000269645.2_PB_Esch_coli_MG12655_V1_genomic.fna,,30000.0,0.0,6.0,TATAAT
,0.04812618719879538,0.4700584411621094,test3_k_threshold,GCA_000269645.2_PB_Esch_coli_MG12655_V1_genomic.fna,,30000.0,1.0,309.0,TATAAT
,0.049357179799699225,0.5749778747558594,test3_k_threshold,GCA_000269645.2_PB_Esch_coli_MG12655_V1_genomic.fna,,30000.0,2.0,3039.0,TATAAT
,0.04914409080083715,0.9314842224121094,test3_k_threshold,GCA_000269645.2_PB_Esch_coli_MG12655_V1_genomic.fna,,30000.0,3.0,12226.0,TATAAT
10000.0,0.016685517900623382,0.15502071380615234,test1_slice_size,GCA_000273425.1_Esch_coli_MG12655_V1_genomic.fna,,,,,
30000.0,0.048823964800976685,0.46498870849609375,test1_slice_size,GCA_000273425.1_Esch_coli_MG12655_V1_genomic.fna,,,,,
50000.0,0.08491583620052552,0.7747373580932617,test1_slice_size,GCA_000273425.1_Esch_coli_MG12655_V1_genomic.fna,,,,,
70000.0,0.11836159233159076,1.0846014022827148,test1_slice_size,GCA_000273425.1_Esch_coli_MG12655_V1_genomic.fna,,,,,
90000.0,0.14675537233415525,1.3949346542358398,test1_slice_size,GCA_000273425.1_Esch_coli_MG12655_V1_genomic.fna,,,,,
110000.0,0.18269521400119024,1.7036666870117188,test1_slice_size,GCA_000273425.1_Esch_coli_MG12655_V1_genomic.fna,,,,,
130000.0,0.21268279899959452,2.0116968154907227,test1_slice_size,GCA_000273425.1_Esch_coli_MG12655_V1_genomic.fna,,,,,
,0.0683158220332795,0.8010520935058594,test2_pattern_length,GCA_000273425.1_Esch_coli_MG12655_V1_genomic.fna,5.0,50000.0,,,
,0.13974650573363762,0.7639884948730469,test2_pattern_length,GCA_000273425.1_Esch_coli_MG12655_V1_genomic.fna,10.0,50000.0,,,
,0.19802777650038478,0.7631950378417969,test2_pattern_length,GCA_000273425.1_Esch_coli_MG12655_V1_genomic.fna,15.0,50000.0,,,
,0.27881569571452147,0.7639884948730469,test2_pattern_length,GCA_000273425.1_Esch_coli_MG12655_V1_genomic.fna,20.0,50000.0,,,
,0.4029829720006092,0.7631950378417969,test2_pattern_length,GCA_000273425.1_Esch_coli_MG12655_V1_genomic.fna,30.0,50000.0,,,
,0.5752834483331147,0.7639884948730469,test2_pattern_length,GCA_000273425.1_Esch_coli_MG12655_V1_genomic.fna,40.0,50000.0,,,
,0.6949580553337,0.7642631530761719,test2_pattern_length,GCA_000273425.1_Esch_coli_MG12655_V1_genomic.fna,50.0,50000.0,,,
,0.05019492080027703,0.4580192565917969,test3_k_threshold,GCA_000273425.1_Esch_coli_MG12655_V1_genomic.fna,,30000.0,0.0,1.0,TATAAT
,0.0482518078002613,0.4643821716308594,test3_k_threshold,GCA_000273425.1_Esch_coli_MG12655_V1_genomic.fna,,30000.0,1.0,171.0,TATAAT
,0.048343931398994754,0.5469017028808594,test3_k_threshold,GCA_000273425.1_Esch_coli_MG12655_V1_genomic.fna,,30000.0,2.0,2308.0,TATAAT
,0.04887607099954039,0.894378662109375,test3_k_threshold,GCA_000273425.1_Esch_coli_MG12655_V1_genomic.fna,,30000.0,3.0,11435.0,TATAAT
10000.0,0.015832011100428645,0.1566143035888672,test1_slice_size,GCA_000517165.1_ASM51716v1_genomic.fna,,,,,
30000.0,0.051525461600977,0.4645681381225586,test1_slice_size,GCA_000517165.1_ASM51716v1_genomic.fna,,,,,
50000.0,0.08224576280044857,0.7737464904785156,test1_slice_size,GCA_000517165.1_ASM51716v1_genomic.fna,,,,,
70000.0,0.11419919999995425,1.0847539901733398,test1_slice_size,GCA_000517165.1_ASM51716v1_genomic.fna,,,,,
90000.0,0.1479234966658017,1.3954696655273438,test1_slice_size,GCA_000517165.1_ASM51716v1_genomic.fna,,,,,
110000.0,0.18077482766724037,1.7162237167358398,test1_slice_size,GCA_000517165.1_ASM51716v1_genomic.fna,,,,,
130000.0,0.21880127499995675,2.0282516479492188,test1_slice_size,GCA_000517165.1_ASM51716v1_genomic.fna,,,,,
,0.06846129430001989,0.8014183044433594,test2_pattern_length,GCA_000517165.1_ASM51716v1_genomic.fna,5.0,50000.0,,,
,0.14104255286656553,0.7639884948730469,test2_pattern_length,GCA_000517165.1_ASM51716v1_genomic.fna,10.0,50000.0,,,
,0.19795643739998922,0.7631950378417969,test2_pattern_length,GCA_000517165.1_ASM51716v1_genomic.fna,15.0,50000.0,,,
,0.2817874394282366,0.7639884948730469,test2_pattern_length,GCA_000517165.1_ASM51716v1_genomic.fna,20.0,50000.0,,,
,0.4003943414005334,0.7631950378417969,test2_pattern_length,GCA_000517165.1_ASM51716v1_genomic.fna,30.0,50000.0,,,
,0.5763771896672552,0.7639884948730469,test2_pattern_length,GCA_000517165.1_ASM51716v1_genomic.fna,40.0,50000.0,,,
,0.6994351019990669,0.7639884948730469,test2_pattern_length,GCA_000517165.1_ASM51716v1_genomic.fna,50.0,50000.0,,,
,0.052240912000706886,0.4580192565917969,test3_k_threshold,GCA_000517165.1_ASM51716v1_genomic.fna,,30000.0,0.0,1.0,TATAAT
,0.04820245680020889,0.4638023376464844,test3_k_threshold,GCA_000517165.1_ASM51716v1_genomic.fna,,30000.0,1.0,152.0,TATAAT
,0.04803895039949566,0.5418052673339844,test3_k_threshold,GCA_000517165.1_ASM51716v1_genomic.fna,,30000.0,2.0,2205.0,TATAAT
,0.04892377220094204,0.88092041015625,test3_k_threshold,GCA_000517165.1_ASM51716v1_genomic.fna,,30000.0,3.0,10948.0,TATAAT
10000.0,0.016085890000249493,0.16016197204589844,test1_slice_size,GCA_001566335.1_ASM156633v1_genomic.fna,,,,,
30000.0,0.04782386219885666,0.47169971466064453,test1_slice_size,GCA_001566335.1_ASM156633v1_genomic.fna,,,,,
50000.0,0.08198068119963864,0.7834234237670898,test1_slice_size,GCA_001566335.1_ASM156633v1_genomic.fna,,,,,
70000.0,0.11533256366480298,1.0954208374023438,test1_slice_size,GCA_001566335.1_ASM156633v1_genomic.fna,,,,,
90000.0,0.14835735700035002,1.4053878784179688,test1_slice_size,GCA_001566335.1_ASM156633v1_genomic.fna,,,,,
110000.0,0.1811958633334143,1.7157964706420898,test1_slice_size,GCA_001566335.1_ASM156633v1_genomic.fna,,,,,
130000.0,0.2125897216659117,2.0332870483398438,test1_slice_size,GCA_001566335.1_ASM156633v1_genomic.fna,,,,,
,0.06891579973331924,0.8251609802246094,test2_pattern_length,GCA_001566335.1_ASM156633v1_genomic.fna,5.0,50000.0,,,
,0.1487974650663091,0.764312744140625,test2_pattern_length,GCA_001566335.1_ASM156633v1_genomic.fna,10.0,50000.0,,,
,0.20541284610008007,0.7631950378417969,test2_pattern_length,GCA_001566335.1_ASM156633v1_genomic.fna,15.0,50000.0,,,
,0.2686979337148451,0.7639884948730469,test2_pattern_length,GCA_001566335.1_ASM156633v1_genomic.fna,20.0,50000.0,,,
,0.4022208517999388,0.7631950378417969,test2_pattern_length,GCA_001566335.1_ASM156633v1_genomic.fna,30.0,50000.0,,,
,0.5275319200009108,0.7639884948730469,test2_pattern_length,GCA_001566335.1_ASM156633v1_genomic.fna,40.0,50000.0,,,
,0.6621220646678315,0.7639884948730469,test2_pattern_length,GCA_001566335.1_ASM156633v1_genomic.fna,50.0,50000.0,,,
,0.04820630320027704,0.4583396911621094,test3_k_threshold,GCA_001566335.1_ASM156633v1_genomic.fna,,30000.0,0.0,9.0,TATAAT
,0.05107587519887602,0.4710960388183594,test3_k_threshold,GCA_001566335.1_ASM156633v1_genomic.fna,,30000.0,1.0,346.0,TATAAT
,0.04854828700044891,0.5909690856933594,test3_k_threshold,GCA_001566335.1_ASM156633v1_genomic.fna,,30000.0,2.0,3496.0,TATAAT
,0.049758602400834205,0.9676475524902344,test3_k_threshold,GCA_001566335.1_ASM156633v1_genomic.fna,,30000.0,3.0,13472.0,TATAAT
10000.0,0.016903135099710198,0.15926742553710938,test1_slice_size,GCA_011750885.1_ASM1175088v1_genomic.fna,,,,,
30000.0,0.04986852720030584,0.46774864196777344,test1_slice_size,GCA_011750885.1_ASM1175088v1_genomic.fna,,,,,
50000.0,0.08046080779895419,0.7801885604858398,test1_slice_size,GCA_011750885.1_ASM1175088v1_genomic.fna,,,,,
70000.0,0.11405653533438453,1.0926408767700195,test1_slice_size,GCA_011750885.1_ASM1175088v1_genomic.fna,,,,,
90000.0,0.14695257333369227,1.4040288925170898,test1_slice_size,GCA_011750885.1_ASM1175088v1_genomic.fna,,,,,
110000.0,0.17746284166544987,1.7145137786865234,test1_slice_size,GCA_011750885.1_ASM1175088v1_genomic.fna,,,,,
130000.0,0.21039743133345232,2.024115562438965,test1_slice_size,GCA_011750885.1_ASM1175088v1_genomic.fna,,,,,
,0.0682293442999556,0.8131980895996094,test2_pattern_length,GCA_011750885.1_ASM1175088v1_genomic.fna,5.0,50000.0,,,
,0.1365207894666431,0.7632713317871094,test2_pattern_length,GCA_011750885.1_ASM1175088v1_genomic.fna,10.0,50000.0,,,
,0.19896996909956216,0.7631950378417969,test2_pattern_length,GCA_011750885.1_ASM1175088v1_genomic.fna,15.0,50000.0,,,
,0.26722702028616496,0.7631950378417969,test2_pattern_length,GCA_011750885.1_ASM1175088v1_genomic.fna,20.0,50000.0,,,
,0.40525717419950524,0.7631950378417969,test2_pattern_length,GCA_011750885.1_ASM1175088v1_genomic.fna,30.0,50000.0,,,
,0.5456001446679389,0.7639884948730469,test2_pattern_length,GCA_011750885.1_ASM1175088v1_genomic.fna,40.0,50000.0,,,
,0.6663116390021363,0.7642631530761719,test2_pattern_length,GCA_011750885.1_ASM1175088v1_genomic.fna,50.0,50000.0,,,
,0.048406953598896504,0.4581871032714844,test3_k_threshold,GCA_011750885.1_ASM1175088v1_genomic.fna,,30000.0,0.0,7.0,TATAAT
,0.04825299880030798,0.4671897888183594,test3_k_threshold,GCA_011750885.1_ASM1175088v1_genomic.fna,,30000.0,1.0,247.0,TATAAT
,0.04848362540069502,0.5653648376464844,test3_k_threshold,GCA_011750885.1_ASM1175088v1_genomic.fna,,30000.0,2.0,2862.0,TATAAT
,0.04982815420080442,0.9279747009277344,test3_k_threshold,GCA_011750885.1_ASM1175088v1_genomic.fna,,30000.0,3.0,12203.0,TATAAT
10000.0,0.01607127650058828,0.15662765502929688,test1_slice_size,GCA_020328175.1_ASM2032817v1_genomic.fna,,,,,
30000.0,0.048661368200555444,0.46652889251708984,test1_slice_size,GCA_020328175.1_ASM2032817v1_genomic.fna,,,,,
50000.0,0.08130259419995127,0.7766952514648438,test1_slice_size,GCA_020328175.1_ASM2032817v1_genomic.fna,,,,,
70000.0,0.1169755786662184,1.0851812362670898,test1_slice_size,GCA_020328175.1_ASM2032817v1_genomic.fna,,,,,
90000.0,0.14882885633414844,1.3961381912231445,test1_slice_size,GCA_020328175.1_ASM2032817v1_genomic.fna,,,,,
110000.0,0.17613420399963312,1.7061386108398438,test1_slice_size,GCA_020328175.1_ASM2032817v1_genomic.fna,,,,,
130000.0,0.21217239333539814,2.0176010131835938,test1_slice_size,GCA_020328175.1_ASM2032817v1_genomic.fna,,,,,
,0.06794071599991487,0.8073387145996094,test2_pattern_length,GCA_020328175.1_ASM2032817v1_genomic.fna,5.0,50000.0,,,
,0.13462391526651724,0.7631950378417969,test2_pattern_length,GCA_020328175.1_ASM2032817v1_genomic.fna,10.0,50000.0,,,
,0.19894727940045415,0.7631950378417969,test2_pattern_length,GCA_020328175.1_ASM2032817v1_genomic.fna,15.0,50000.0,,,
,0.26481343442823607,0.7631950378417969,test2_pattern_length,GCA_020328175.1_ASM2032817v1_genomic.fna,20.0,50000.0,,,
,0.4003294095993624,0.7631950378417969,test2_pattern_length,GCA_020328175.1_ASM2032817v1_genomic.fna,30.0,50000.0,,,
,0.5333513389996369,0.7639884948730469,test2_pattern_length,GCA_020328175.1_ASM2032817v1_genomic.fna,40.0,50000.0,,,
,0.6603167653326333,0.7639884948730469,test2_pattern_length,GCA_020328175.1_ASM2032817v1_genomic.fna,50.0,50000.0,,,
,0.04843808620062191,0.4580345153808594,test3_k_threshold,GCA_020328175.1_ASM2032817v1_genomic.fna,,30000.0,0.0,2.0,TATAAT
,0.04829335000104038,0.4658775329589844,test3_k_threshold,GCA_020328175.1_ASM2032817v1_genomic.fna,,30000.0,1.0,205.0,TATAAT
,0.048394304201065094,0.5607566833496094,test3_k_threshold,GCA_020328175.1_ASM2032817v1_genomic.fna,,30000.0,2.0,2684.0,TATAAT
,0.04919936259975657,0.9074058532714844,test3_k_threshold,GCA_020328175.1_ASM2032817v1_genomic.fna,,30000.0,3.0,11864.0,TATAAT
10000.0,0.01585735359985847,0.15511035919189453,test1_slice_size,GCA_042017895.1_ASM4201789v1_genomic.fna,,,,,
30000.0,0.049522792801144536,0.46494102478027344,test1_slice_size,GCA_042017895.1_ASM4201789v1_genomic.fna,,,,,
50000.0,0.08041299540054751,0.7754440307617188,test1_slice_size,GCA_042017895.1_ASM4201789v1_genomic.fna,,,,,
70000.0,0.1138941083336249,1.0846014022827148,test1_slice_size,GCA_042017895.1_ASM4201789v1_genomic.fna,,,,,
90000.0,0.14456760666750293,1.3948898315429688,test1_slice_size,GCA_042017895.1_ASM4201789v1_genomic.fna,,,,,
110000.0,0.17874015900209392,1.7030563354492188,test1_slice_size,GCA_042017895.1_ASM4201789v1_genomic.fna,,,,,
130000.0,0.21378801966784522,2.0123519897460938,test1_slice_size,GCA_042017895.1_ASM4201789v1_genomic.fna,,,,,
,0.06765670640015742,0.8010520935058594,test2_pattern_length,GCA_042017895.1_ASM4201789v1_genomic.fna,5.0,50000.0,,,
,0.13382646453295213,0.7632713317871094,test2_pattern_length,GCA_042017895.1_ASM4201789v1_genomic.fna,10.0,50000.0,,,
,0.19958085929974914,0.7642631530761719,test2_pattern_length,GCA_042017895.1_ASM4201789v1_genomic.fna,15.0,50000.0,,,
,0.2714149751430211,0.7631950378417969,test2_pattern_length,GCA_042017895.1_ASM4201789v1_genomic.fna,20.0,50000.0,,,
,0.4026586378007778,0.7639884948730469,test2_pattern_length,GCA_042017895.1_ASM4201789v1_genomic.fna,30.0,50000.0,,,
,0.5448738513344628,0.7639884948730469,test2_pattern_length,GCA_042017895.1_ASM4201789v1_genomic.fna,40.0,50000.0,,,
,0.6630608776661878,0.7639884948730469,test2_pattern_length,GCA_042017895.1_ASM4201789v1_genomic.fna,50.0,50000.0,,,
,0.04856405179889407,0.4580192565917969,test3_k_threshold,GCA_042017895.1_ASM4201789v1_genomic.fna,,30000.0,0.0,1.0,TATAAT
,0.048167649201059246,0.4643821716308594,test3_k_threshold,GCA_042017895.1_ASM4201789v1_genomic.fna,,30000.0,1.0,171.0,TATAAT
,0.0482566142003634,0.5469017028808594,test3_k_threshold,GCA_042017895.1_ASM4201789v1_genomic.fna,,30000.0,2.0,2308.0,TATAAT
,0.049425605800934136,0.8937034606933594,test3_k_threshold,GCA_042017895.1_ASM4201789v1_genomic.fna,,30000.0,3.0,11435.0,TATAAT
10000.0,0.016164017000119203,0.15500450134277344,test1_slice_size,GCA_949550125.1_sample3_Strain151_Lambda.fasta_genomic.fna,,,,,
30000.0,0.04810152839927469,0.47066497802734375,test1_slice_size,GCA_949550125.1_sample3_Strain151_Lambda.fasta_genomic.fna,,,,,
50000.0,0.08032800060027512,0.7847356796264648,test1_slice_size,GCA_949550125.1_sample3_Strain151_Lambda.fasta_genomic.fna,,,,,
70000.0,0.11339315733251472,1.0959367752075195,test1_slice_size,GCA_949550125.1_sample3_Strain151_Lambda.fasta_genomic.fna,,,,,
90000.0,0.14496746499935398,1.4081792831420898,test1_slice_size,GCA_949550125.1_sample3_Strain151_Lambda.fasta_genomic.fna,,,,,
110000.0,0.17741033233323833,1.7246627807617188,test1_slice_size,GCA_949550125.1_sample3_Strain151_Lambda.fasta_genomic.fna,,,,,
130000.0,0.21125632433298355,2.035590171813965,test1_slice_size,GCA_949550125.1_sample3_Strain151_Lambda.fasta_genomic.fna,,,,,
,0.06725289450017348,0.8222007751464844,test2_pattern_length,GCA_949550125.1_sample3_Strain151_Lambda.fasta_genomic.fna,5.0,50000.0,,,
,0.13320601793335907,0.7632408142089844,test2_pattern_length,GCA_949550125.1_sample3_Strain151_Lambda.fasta_genomic.fna,10.0,50000.0,,,
,0.19828738529977272,0.7639884948730469,test2_pattern_length,GCA_949550125.1_sample3_Strain151_Lambda.fasta_genomic.fna,15.0,50000.0,,,
,0.26489972514329047,0.7631950378417969,test2_pattern_length,GCA_949550125.1_sample3_Strain151_Lambda.fasta_genomic.fna,20.0,50000.0,,,
,0.3961387463990832,0.7639884948730469,test2_pattern_length,GCA_949550125.1_sample3_Strain151_Lambda.fasta_genomic.fna,30.0,50000.0,,,
,0.5319308589993549,0.7639884948730469,test2_pattern_length,GCA_949550125.1_sample3_Strain151_Lambda.fasta_genomic.fna,40.0,50000.0,,,
,0.6609366340004877,0.7642631530761719,test2_pattern_length,GCA_949550125.1_sample3_Strain151_Lambda.fasta_genomic.fna,50.0,50000.0,,,
,0.04847716380027123,0.4583702087402344,test3_k_threshold,GCA_949550125.1_sample3_Strain151_Lambda.fasta_genomic.fna,,30000.0,0.0,10.0,TATAAT
,0.048262929399788844,0.4700584411621094,test3_k_threshold,GCA_949550125.1_sample3_Strain151_Lambda.fasta_genomic.fna,,30000.0,1.0,309.0,TATAAT
,0.04819024200114654,0.5779991149902344,test3_k_threshold,GCA_949550125.1_sample3_Strain151_Lambda.fasta_genomic.fna,,30000.0,2.0,3138.0,TATAAT
,0.049241427399101666,0.9444847106933594,test3_k_threshold,GCA_949550125.1_sample3_Strain151_Lambda.fasta_genomic.fna,,30000.0,3.0,12669.0,TATAAT
10000.0,0.015983013499499064,0.15939617156982422,test1_slice_size,GCF_011750885.1_ASM1175088v1_genomic.fna,,,,,
30000.0,0.049061743199126796,0.46779632568359375,test1_slice_size,GCF_011750885.1_ASM1175088v1_genomic.fna,,,,,
50000.0,0.08171079040039331,0.7801885604858398,test1_slice_size,GCF_011750885.1_ASM1175088v1_genomic.fna,,,,,
70000.0,0.11588092499975271,1.093343734741211,test1_slice_size,GCF_011750885.1_ASM1175088v1_genomic.fna,,,,,
90000.0,0.14779501000157325,1.4040288925170898,test1_slice_size,GCF_011750885.1_ASM1175088v1_genomic.fna,,,,,
110000.0,0.17980773366677263,1.7146062850952148,test1_slice_size,GCF_011750885.1_ASM1175088v1_genomic.fna,,,,,
130000.0,0.21098610466773002,2.024115562438965,test1_slice_size,GCF_011750885.1_ASM1175088v1_genomic.fna,,,,,
,0.068767463266704,0.8131980895996094,test2_pattern_length,GCF_011750885.1_ASM1175088v1_genomic.fna,5.0,50000.0,,,
,0.13321242033319625,0.7632713317871094,test2_pattern_length,GCF_011750885.1_ASM1175088v1_genomic.fna,10.0,50000.0,,,
,0.2008219265000662,0.7631950378417969,test2_pattern_length,GCF_011750885.1_ASM1175088v1_genomic.fna,15.0,50000.0,,,
,0.2663362134293753,0.7631950378417969,test2_pattern_length,GCF_011750885.1_ASM1175088v1_genomic.fna,20.0,50000.0,,,
,0.39716685519961176,0.7639884948730469,test2_pattern_length,GCF_011750885.1_ASM1175088v1_genomic.fna,30.0,50000.0,,,
,0.5305788029994195,0.7639884948730469,test2_pattern_length,GCF_011750885.1_ASM1175088v1_genomic.fna,40.0,50000.0,,,
,0.659925155666618,0.7639884948730469,test2_pattern_length,GCF_011750885.1_ASM1175088v1_genomic.fna,50.0,50000.0,,,
,0.04936950539995451,0.4581871032714844,test3_k_threshold,GCF_011750885.1_ASM1175088v1_genomic.fna,,30000.0,0.0,7.0,TATAAT
,0.04833991380000953,0.4671897888183594,test3_k_threshold,GCF_011750885.1_ASM1175088v1_genomic.fna,,30000.0,1.0,247.0,TATAAT
,0.048608644399791956,0.5653648376464844,test3_k_threshold,GCF_011750885.1_ASM1175088v1_genomic.fna,,30000.0,2.0,2862.0,TATAAT
,0.04962325060041621,0.9279747009277344,test3_k_threshold,GCF_011750885.1_ASM1175088v1_genomic.fna,,30000.0,3.0,12203.0,TATAAT
10000.0,0.016072211600112497,0.15941333770751953,test1_slice_size,GCF_018458765.1_ASM1845876v1_genomic.fna,,,,,
30000.0,0.04935612020053668,0.4709186553955078,test1_slice_size,GCF_018458765.1_ASM1845876v1_genomic.fna,,,,,
50000.0,0.08159609480062499,0.7935857772827148,test1_slice_size,GCF_018458765.1_ASM1845876v1_genomic.fna,,,,,
70000.0,0.11450619800113297,1.1013107299804688,test1_slice_size,GCF_018458765.1_ASM1845876v1_genomic.fna,,,,,
90000.0,0.14379832266664985,1.4144048690795898,test1_slice_size,GCF_018458765.1_ASM1845876v1_genomic.fna,,,,,
110000.0,0.17601446900031684,1.7240972518920898,test1_slice_size,GCF_018458765.1_ASM1845876v1_genomic.fna,,,,,
130000.0,0.20778234733249215,2.03458309173584,test1_slice_size,GCF_018458765.1_ASM1845876v1_genomic.fna,,,,,
,0.06738204883343618,0.8360595703125,test2_pattern_length,GCF_018458765.1_ASM1845876v1_genomic.fna,5.0,50000.0,,,
,0.13397242593346165,0.7632713317871094,test2_pattern_length,GCF_018458765.1_ASM1845876v1_genomic.fna,10.0,50000.0,,,
,0.1976254355002311,0.7631950378417969,test2_pattern_length,GCF_018458765.1_ASM1845876v1_genomic.fna,15.0,50000.0,,,
,0.26586916857091375,0.7631950378417969,test2_pattern_length,GCF_018458765.1_ASM1845876v1_genomic.fna,20.0,50000.0,,,
,0.40311431559966876,0.7639884948730469,test2_pattern_length,GCF_018458765.1_ASM1845876v1_genomic.fna,30.0,50000.0,,,
,0.5386195629980648,0.7631950378417969,test2_pattern_length,GCF_018458765.1_ASM1845876v1_genomic.fna,40.0,50000.0,,,
,0.6573883346645744,0.7631950378417969,test2_pattern_length,GCF_018458765.1_ASM1845876v1_genomic.fna,50.0,50000.0,,,
,0.04838093819998903,0.45892333984375,test3_k_threshold,GCF_018458765.1_ASM1845876v1_genomic.fna,,30000.0,0.0,8.0,TATAAT
,0.04875108620035462,0.4703636169433594,test3_k_threshold,GCF_018458765.1_ASM1845876v1_genomic.fna,,30000.0,1.0,319.0,TATAAT
,0.04876832260051742,0.5738487243652344,test3_k_threshold,GCF_018458765.1_ASM1845876v1_genomic.fna,,30000.0,2.0,3002.0,TATAAT
,0.04921735759999137,0.9321250915527344,test3_k_threshold,GCF_018458765.1_ASM1845876v1_genomic.fna,,30000.0,3.0,12245.0,TATAAT
10000.0,0.016058746299677296,0.15662765502929688,test1_slice_size,GCF_020328175.1_ASM2032817v1_genomic.fna,,,,,
30000.0,0.04836019140057033,0.46648406982421875,test1_slice_size,GCF_020328175.1_ASM2032817v1_genomic.fna,,,,,
50000.0,0.08123641220008722,0.7767848968505859,test1_slice_size,GCF_020328175.1_ASM2032817v1_genomic.fna,,,,,
70000.0,0.11276161499942343,1.0851364135742188,test1_slice_size,GCF_020328175.1_ASM2032817v1_genomic.fna,,,,,
90000.0,0.14577748499868903,1.3967514038085938,test1_slice_size,GCF_020328175.1_ASM2032817v1_genomic.fna,,,,,
110000.0,0.17874776700045913,1.7061386108398438,test1_slice_size,GCF_020328175.1_ASM2032817v1_genomic.fna,,,,,
130000.0,0.21300070966632725,2.0169906616210938,test1_slice_size,GCF_020328175.1_ASM2032817v1_genomic.fna,,,,,
,0.06707809953319763,0.8073387145996094,test2_pattern_length,GCF_020328175.1_ASM2032817v1_genomic.fna,5.0,50000.0,,,
,0.1344504429997566,0.7631950378417969,test2_pattern_length,GCF_020328175.1_ASM2032817v1_genomic.fna,10.0,50000.0,,,
,0.19980836379982064,0.7631950378417969,test2_pattern_length,GCF_020328175.1_ASM2032817v1_genomic.fna,15.0,50000.0,,,
,0.2656749001429749,0.7639884948730469,test2_pattern_length,GCF_020328175.1_ASM2032817v1_genomic.fna,20.0,50000.0,,,
,0.3976325101990369,0.7631950378417969,test2_pattern_length,GCF_020328175.1_ASM2032817v1_genomic.fna,30.0,50000.0,,,
,0.5352830590006002,0.7631950378417969,test2_pattern_length,GCF_020328175.1_ASM2032817v1_genomic.fna,40.0,50000.0,,,
,0.6730965673317163,0.7631950378417969,test2_pattern_length,GCF_020328175.1_ASM2032817v1_genomic.fna,50.0,50000.0,,,
,0.04841413000103785,0.4580345153808594,test3_k_threshold,GCF_020328175.1_ASM2032817v1_genomic.fna,,30000.0,0.0,2.0,TATAAT
,0.04822310320014367,0.466827392578125,test3_k_threshold,GCF_020328175.1_ASM2032817v1_genomic.fna,,30000.0,1.0,205.0,TATAAT
,0.04828127979999408,0.5607566833496094,test3_k_threshold,GCF_020328175.1_ASM2032817v1_genomic.fna,,30000.0,2.0,2684.0,TATAAT
,0.0492375454006833,0.9074058532714844,test3_k_threshold,GCF_020328175.1_ASM2032817v1_genomic.fna,,30000.0,3.0,11864.0,TATAAT
10000.0,0.015995546799967997,0.15482139587402344,test1_slice_size,GCF_025643415.1_ASM2564341v1_genomic.fna,,,,,
30000.0,0.048524452600395306,0.46472835540771484,test1_slice_size,GCF_025643415.1_ASM2564341v1_genomic.fna,,,,,
50000.0,0.08037341599992942,0.7760848999023438,test1_slice_size,GCF_025643415.1_ASM2564341v1_genomic.fna,,,,,
70000.0,0.11568911566670674,1.0857610702514648,test1_slice_size,GCF_025643415.1_ASM2564341v1_genomic.fna,,,,,
90000.0,0.14613447166630067,1.405355453491211,test1_slice_size,GCF_025643415.1_ASM2564341v1_genomic.fna,,,,,
110000.0,0.17692026266498337,1.7159013748168945,test1_slice_size,GCF_025643415.1_ASM2564341v1_genomic.fna,,,,,
130000.0,0.20878935299939863,2.0287704467773438,test1_slice_size,GCF_025643415.1_ASM2564341v1_genomic.fna,,,,,
,0.06709805430000415,0.8066368103027344,test2_pattern_length,GCF_025643415.1_ASM2564341v1_genomic.fna,5.0,50000.0,,,
,0.13320826639974256,0.7631950378417969,test2_pattern_length,GCF_025643415.1_ASM2564341v1_genomic.fna,10.0,50000.0,,,
,0.1990800436004065,0.7631950378417969,test2_pattern_length,GCF_025643415.1_ASM2564341v1_genomic.fna,15.0,50000.0,,,
,0.2726114151435987,0.7639884948730469,test2_pattern_length,GCF_025643415.1_ASM2564341v1_genomic.fna,20.0,50000.0,,,
,0.3975278818004881,0.7631950378417969,test2_pattern_length,GCF_025643415.1_ASM2564341v1_genomic.fna,30.0,50000.0,,,
,0.5259095866664817,0.7631950378417969,test2_pattern_length,GCF_025643415.1_ASM2564341v1_genomic.fna,40.0,50000.0,,,
,0.6776598003343679,0.7639884948730469,test2_pattern_length,GCF_025643415.1_ASM2564341v1_genomic.fna,50.0,50000.0,,,
,0.04819970099924831,0.4580345153808594,test3_k_threshold,GCF_025643415.1_ASM2564341v1_genomic.fna,,30000.0,0.0,2.0,TATAAT
,0.04849196440045489,0.4640769958496094,test3_k_threshold,GCF_025643415.1_ASM2564341v1_genomic.fna,,30000.0,1.0,161.0,TATAAT
,0.04839826819952577,0.548797607421875,test3_k_threshold,GCF_025643415.1_ASM2564341v1_genomic.fna,,30000.0,2.0,2330.0,TATAAT
,0.04986714599945117,0.8889427185058594,test3_k_threshold,GCF_025643415.1_ASM2564341v1_genomic.fna,,30000.0,3.0,11213.0,TATAAT
10000.0,0.01628847229949315,0.15741252899169922,test1_slice_size,GCF_025643435.1_ASM2564343v1_genomic.fna,,,,,
30000.0,0.048873707398888654,0.4646320343017578,test1_slice_size,GCF_025643435.1_ASM2564343v1_genomic.fna,,,,,
50000.0,0.08201116660056869,0.7761297225952148,test1_slice_size,GCF_025643435.1_ASM2564343v1_genomic.fna,,,,,
70000.0,0.11371490166735991,1.0857162475585938,test1_slice_size,GCF_025643435.1_ASM2564343v1_genomic.fna,,,,,
90000.0,0.14369723333462994,1.4052181243896484,test1_slice_size,GCF_025643435.1_ASM2564343v1_genomic.fna,,,,,
110000.0,0.17714774799969746,1.7159013748168945,test1_slice_size,GCF_025643435.1_ASM2564343v1_genomic.fna,,,,,
130000.0,0.20828978033387102,2.0287704467773438,test1_slice_size,GCF_025643435.1_ASM2564343v1_genomic.fna,,,,,
,0.06795527509990885,0.8066368103027344,test2_pattern_length,GCF_025643435.1_ASM2564343v1_genomic.fna,5.0,50000.0,,,
,0.13426941693323896,0.7639884948730469,test2_pattern_length,GCF_025643435.1_ASM2564343v1_genomic.fna,10.0,50000.0,,,
,0.20177612299958128,0.7631950378417969,test2_pattern_length,GCF_025643435.1_ASM2564343v1_genomic.fna,15.0,50000.0,,,
,0.2701364091418717,0.7642631530761719,test2_pattern_length,GCF_025643435.1_ASM2564343v1_genomic.fna,20.0,50000.0,,,
,0.4030220578002627,0.7631950378417969,test2_pattern_length,GCF_025643435.1_ASM2564343v1_genomic.fna,30.0,50000.0,,,
,0.5302709190000314,0.7639884948730469,test2_pattern_length,GCF_025643435.1_ASM2564343v1_genomic.fna,40.0,50000.0,,,
,0.6764939543330305,0.7639884948730469,test2_pattern_length,GCF_025643435.1_ASM2564343v1_genomic.fna,50.0,50000.0,,,
,0.04846462999994401,0.4580345153808594,test3_k_threshold,GCF_025643435.1_ASM2564343v1_genomic.fna,,30000.0,0.0,2.0,TATAAT
,0.04891070459998446,0.4640769958496094,test3_k_threshold,GCF_025643435.1_ASM2564343v1_genomic.fna,,30000.0,1.0,161.0,TATAAT
,0.04828279079956701,0.5481224060058594,test3_k_threshold,GCF_025643435.1_ASM2564343v1_genomic.fna,,30000.0,2.0,2330.0,TATAAT
,0.04934306320064934,0.889617919921875,test3_k_threshold,GCF_025643435.1_ASM2564343v1_genomic.fna,,30000.0,3.0,11213.0,TATAAT
10000.0,0.017380898100236665,0.15747356414794922,test1_slice_size,GCF_025643455.1_ASM2564345v1_genomic.fna,,,,,
30000.0,0.04828542360046413,0.46468353271484375,test1_slice_size,GCF_025643455.1_ASM2564345v1_genomic.fna,,,,,
50000.0,0.08017291760043008,0.7761297225952148,test1_slice_size,GCF_025643455.1_ASM2564345v1_genomic.fna,,,,,
70000.0,0.11336129799989673,1.0857162475585938,test1_slice_size,GCF_025643455.1_ASM2564345v1_genomic.fna,,,,,
90000.0,0.14462241866567638,1.4052658081054688,test1_slice_size,GCF_025643455.1_ASM2564345v1_genomic.fna,,,,,
110000.0,0.17689147300067512,1.7159042358398438,test1_slice_size,GCF_025643455.1_ASM2564345v1_genomic.fna,,,,,
130000.0,0.21040610899945023,2.0287704467773438,test1_slice_size,GCF_025643455.1_ASM2564345v1_genomic.fna,,,,,
,0.06804368926653599,0.8066368103027344,test2_pattern_length,GCF_025643455.1_ASM2564345v1_genomic.fna,5.0,50000.0,,,
,0.13517046473328567,0.7639884948730469,test2_pattern_length,GCF_025643455.1_ASM2564345v1_genomic.fna,10.0,50000.0,,,
,0.1992493765996187,0.7631950378417969,test2_pattern_length,GCF_025643455.1_ASM2564345v1_genomic.fna,15.0,50000.0,,,
,0.2649841818565619,0.7639884948730469,test2_pattern_length,GCF_025643455.1_ASM2564345v1_genomic.fna,20.0,50000.0,,,
,0.39626703260000795,0.7631950378417969,test2_pattern_length,GCF_025643455.1_ASM2564345v1_genomic.fna,30.0,50000.0,,,
,0.5277081896662518,0.7639884948730469,test2_pattern_length,GCF_025643455.1_ASM2564345v1_genomic.fna,40.0,50000.0,,,
,0.6636408626679137,0.7639884948730469,test2_pattern_length,GCF_025643455.1_ASM2564345v1_genomic.fna,50.0,50000.0,,,
,0.04855887199955759,0.4580345153808594,test3_k_threshold,GCF_025643455.1_ASM2564345v1_genomic.fna,,30000.0,0.0,2.0,TATAAT
,0.04816571879928233,0.4640769958496094,test3_k_threshold,GCF_025643455.1_ASM2564345v1_genomic.fna,,30000.0,1.0,161.0,TATAAT
,0.04812776719918475,0.5481224060058594,test3_k_threshold,GCF_025643455.1_ASM2564345v1_genomic.fna,,30000.0,2.0,2330.0,TATAAT
,0.04894242000009399,0.8889427185058594,test3_k_threshold,GCF_025643455.1_ASM2564345v1_genomic.fna,,30000.0,3.0,11213.0,TATAAT
10000.0,0.015895909699611365,0.2010335922241211,test1_slice_size,SYNTH_20251118T120200_PCSW_genomic.fna,,,,,
30000.0,0.048084073400241324,0.46803855895996094,test1_slice_size,SYNTH_20251118T120200_PCSW_genomic.fna,,,,,
50000.0,0.07991804199991748,0.7795639038085938,test1_slice_size,SYNTH_20251118T120200_PCSW_genomic.fna,,,,,
70000.0,0.11183951299850985,1.0925045013427734,test1_slice_size,SYNTH_20251118T120200_PCSW_genomic.fna,,,,,
90000.0,0.1442325099997106,1.4039535522460938,test1_slice_size,SYNTH_20251118T120200_PCSW_genomic.fna,,,,,
110000.0,0.17565351866505807,1.7158126831054688,test1_slice_size,SYNTH_20251118T120200_PCSW_genomic.fna,,,,,
130000.0,0.207124448667552,2.0292892456054688,test1_slice_size,SYNTH_20251118T120200_PCSW_genomic.fna,,,,,
,0.06696234933333471,0.8152427673339844,test2_pattern_length,SYNTH_20251118T120200_PCSW_genomic.fna,5.0,50000.0,,,
,0.13294682206663613,0.7633323669433594,test2_pattern_length,SYNTH_20251118T120200_PCSW_genomic.fna,10.0,50000.0,,,
,0.19840202640043572,0.7631950378417969,test2_pattern_length,SYNTH_20251118T120200_PCSW_genomic.fna,15.0,50000.0,,,
,0.26476614657128394,0.7631950378417969,test2_pattern_length,SYNTH_20251118T120200_PCSW_genomic.fna,20.0,50000.0,,,
,0.4067849350001779,0.7631950378417969,test2_pattern_length,SYNTH_20251118T120200_PCSW_genomic.fna,30.0,50000.0,,,
,0.5461970306666141,0.7639884948730469,test2_pattern_length,SYNTH_20251118T120200_PCSW_genomic.fna,40.0,50000.0,,,
,0.670843588001541,0.7639884948730469,test2_pattern_length,SYNTH_20251118T120200_PCSW_genomic.fna,50.0,50000.0,,,
,0.05116178460011724,0.4583396911621094,test3_k_threshold,SYNTH_20251118T120200_PCSW_genomic.fna,,30000.0,0.0,9.0,TATAAT
,0.04920100300078047,0.4673423767089844,test3_k_threshold,SYNTH_20251118T120200_PCSW_genomic.fna,,30000.0,1.0,244.0,TATAAT
,0.048789159599982666,0.5672874450683594,test3_k_threshold,SYNTH_20251118T120200_PCSW_genomic.fna,,30000.0,2.0,2876.0,TATAAT
,0.04967984699906083,0.9404869079589844,test3_k_threshold,SYNTH_20251118T120200_PCSW_genomic.fna,,30000.0,3.0,12515.0,TATAAT
10000.0,0.016826539800240424,0.1566143035888672,test1_slice_size,SYNTH_20251118T120205_HSUZ_genomic.fna,,,,,
30000.0,0.04938726940017659,0.46865081787109375,test1_slice_size,SYNTH_20251118T120205_HSUZ_genomic.fna,,,,,
50000.0,0.08154696480050916,0.7824468612670898,test1_slice_size,SYNTH_20251118T120205_HSUZ_genomic.fna,,,,,
70000.0,0.11607254733341203,1.0941696166992188,test1_slice_size,SYNTH_20251118T120205_HSUZ_genomic.fna,,,,,
90000.0,0.14870988499994078,1.4058294296264648,test1_slice_size,SYNTH_20251118T120205_HSUZ_genomic.fna,,,,,
110000.0,0.17881431000084072,1.7183599472045898,test1_slice_size,SYNTH_20251118T120205_HSUZ_genomic.fna,,,,,
130000.0,0.22755670000090808,2.0304794311523438,test1_slice_size,SYNTH_20251118T120205_HSUZ_genomic.fna,,,,,
,0.06805750976685279,0.8193626403808594,test2_pattern_length,SYNTH_20251118T120205_HSUZ_genomic.fna,5.0,50000.0,,,
,0.13240205999997368,0.7632408142089844,test2_pattern_length,SYNTH_20251118T120205_HSUZ_genomic.fna,10.0,50000.0,,,
,0.19927247410014387,0.7631950378417969,test2_pattern_length,SYNTH_20251118T120205_HSUZ_genomic.fna,15.0,50000.0,,,
,0.2680309434290393,0.7631950378417969,test2_pattern_length,SYNTH_20251118T120205_HSUZ_genomic.fna,20.0,50000.0,,,
,0.3960829553994699,0.7631950378417969,test2_pattern_length,SYNTH_20251118T120205_HSUZ_genomic.fna,30.0,50000.0,,,
,0.5284167296680001,0.7639884948730469,test2_pattern_length,SYNTH_20251118T120205_HSUZ_genomic.fna,40.0,50000.0,,,
,0.6662023456665338,0.7639884948730469,test2_pattern_length,SYNTH_20251118T120205_HSUZ_genomic.fna,50.0,50000.0,,,
,0.04883833640051307,0.4581871032714844,test3_k_threshold,SYNTH_20251118T120205_HSUZ_genomic.fna,,30000.0,0.0,6.0,TATAAT
,0.049025199199968485,0.4680442810058594,test3_k_threshold,SYNTH_20251118T120205_HSUZ_genomic.fna,,30000.0,1.0,265.0,TATAAT
,0.04821975179947913,0.5702171325683594,test3_k_threshold,SYNTH_20251118T120205_HSUZ_genomic.fna,,30000.0,2.0,2892.0,TATAAT
,0.049269132599874865,0.9443016052246094,test3_k_threshold,SYNTH_20251118T120205_HSUZ_genomic.fna,,30000.0,3.0,12694.0,TATAAT
10000.0,0.016059243999916362,0.1573333740234375,test1_slice_size,SYNTH_20251118T120206_MIPI_genomic.fna,,,,,
30000.0,0.04781285360077163,0.46981048583984375,test1_slice_size,SYNTH_20251118T120206_MIPI_genomic.fna,,,,,
50000.0,0.07998629319918109,0.7825546264648438,test1_slice_size,SYNTH_20251118T120206_MIPI_genomic.fna,,,,,
70000.0,0.11245244733193734,1.0932540893554688,test1_slice_size,SYNTH_20251118T120206_MIPI_genomic.fna,,,,,
90000.0,0.1474459916668517,1.4046087265014648,test1_slice_size,SYNTH_20251118T120206_MIPI_genomic.fna,,,,,
110000.0,0.1806720486662622,1.7160873413085938,test1_slice_size,SYNTH_20251118T120206_MIPI_genomic.fna,,,,,
130000.0,0.20953602733303947,2.02957820892334,test1_slice_size,SYNTH_20251118T120206_MIPI_genomic.fna,,,,,
,0.06690617683319336,0.8192710876464844,test2_pattern_length,SYNTH_20251118T120206_MIPI_genomic.fna,5.0,50000.0,,,
,0.1331057171332456,0.7631950378417969,test2_pattern_length,SYNTH_20251118T120206_MIPI_genomic.fna,10.0,50000.0,,,
,0.1987420188001124,0.7639884948730469,test2_pattern_length,SYNTH_20251118T120206_MIPI_genomic.fna,15.0,50000.0,,,
,0.2637954644285076,0.7631950378417969,test2_pattern_length,SYNTH_20251118T120206_MIPI_genomic.fna,20.0,50000.0,,,
,0.3962905211999896,0.7639884948730469,test2_pattern_length,SYNTH_20251118T120206_MIPI_genomic.fna,30.0,50000.0,,,
,0.527409968667295,0.7639884948730469,test2_pattern_length,SYNTH_20251118T120206_MIPI_genomic.fna,40.0,50000.0,,,
,0.6999499436666762,0.7639884948730469,test2_pattern_length,SYNTH_20251118T120206_MIPI_genomic.fna,50.0,50000.0,,,
,0.04826977759948932,0.4583396911621094,test3_k_threshold,SYNTH_20251118T120206_MIPI_genomic.fna,,30000.0,0.0,9.0,TATAAT
,0.04821435119956732,0.4692039489746094,test3_k_threshold,SYNTH_20251118T120206_MIPI_genomic.fna,,30000.0,1.0,295.0,TATAAT
,0.04957041760062566,0.5754051208496094,test3_k_threshold,SYNTH_20251118T120206_MIPI_genomic.fna,,30000.0,2.0,3064.0,TATAAT
,0.04907777619955596,0.9451255798339844,test3_k_threshold,SYNTH_20251118T120206_MIPI_genomic.fna,,30000.0,3.0,12697.0,TATAAT
10000.0,0.015891433700016933,0.1573333740234375,test1_slice_size,SYNTH_20251118T120208_ZLKX_genomic.fna,,,,,
30000.0,0.04808964980038581,0.46973228454589844,test1_slice_size,SYNTH_20251118T120208_ZLKX_genomic.fna,,,,,
50000.0,0.07997294619999593,0.7821273803710938,test1_slice_size,SYNTH_20251118T120208_ZLKX_genomic.fna,,,,,
70000.0,0.11220023800221195,1.0960006713867188,test1_slice_size,SYNTH_20251118T120208_ZLKX_genomic.fna,,,,,
90000.0,0.14474393499889024,1.4056463241577148,test1_slice_size,SYNTH_20251118T120208_ZLKX_genomic.fna,,,,,
110000.0,0.17592026033283523,1.7180099487304688,test1_slice_size,SYNTH_20251118T120208_ZLKX_genomic.fna,,,,,
130000.0,0.207718440668638,2.0304012298583984,test1_slice_size,SYNTH_20251118T120208_ZLKX_genomic.fna,,,,,
,0.06834615386663548,0.8190879821777344,test2_pattern_length,SYNTH_20251118T120208_ZLKX_genomic.fna,5.0,50000.0,,,
,0.13636916860026152,0.7632102966308594,test2_pattern_length,SYNTH_20251118T120208_ZLKX_genomic.fna,10.0,50000.0,,,
,0.2049222984998778,0.7639884948730469,test2_pattern_length,SYNTH_20251118T120208_ZLKX_genomic.fna,15.0,50000.0,,,
,0.2706768192864339,0.7631950378417969,test2_pattern_length,SYNTH_20251118T120208_ZLKX_genomic.fna,20.0,50000.0,,,
,0.40581651340035024,0.7639884948730469,test2_pattern_length,SYNTH_20251118T120208_ZLKX_genomic.fna,30.0,50000.0,,,
,0.5417937549985558,0.7639884948730469,test2_pattern_length,SYNTH_20251118T120208_ZLKX_genomic.fna,40.0,50000.0,,,
,0.6758420403324029,0.7639884948730469,test2_pattern_length,SYNTH_20251118T120208_ZLKX_genomic.fna,50.0,50000.0,,,
,0.049408326399861834,0.4583396911621094,test3_k_threshold,SYNTH_20251118T120208_ZLKX_genomic.fna,,30000.0,0.0,10.0,TATAAT
,0.04934779379982501,0.4691734313964844,test3_k_threshold,SYNTH_20251118T120208_ZLKX_genomic.fna,,30000.0,1.0,298.0,TATAAT
,0.04901276660093572,0.5714073181152344,test3_k_threshold,SYNTH_20251118T120208_ZLKX_genomic.fna,,30000.0,2.0,2951.0,TATAAT
,0.05121364899969194,0.9421653747558594,test3_k_threshold,SYNTH_20251118T120208_ZLKX_genomic.fna,,30000.0,3.0,12638.0,TATAAT
10000.0,0.015903750000143192,0.1567392349243164,test1_slice_size,SYNTH_20251118T120209_HFAC_genomic.fna,,,,,
30000.0,0.048433962400304155,0.46869564056396484,test1_slice_size,SYNTH_20251118T120209_HFAC_genomic.fna,,,,,
50000.0,0.08064548920083325,0.7805404663085938,test1_slice_size,SYNTH_20251118T120209_HFAC_genomic.fna,,,,,
70000.0,0.11310022233374184,1.0927658081054688,test1_slice_size,SYNTH_20251118T120209_HFAC_genomic.fna,,,,,
90000.0,0.14583717100079716,1.4052047729492188,test1_slice_size,SYNTH_20251118T120209_HFAC_genomic.fna,,,,,
110000.0,0.1869174110009529,1.7178878784179688,test1_slice_size,SYNTH_20251118T120209_HFAC_genomic.fna,,,,,
130000.0,0.2099888959977155,2.0289535522460938,test1_slice_size,SYNTH_20251118T120209_HFAC_genomic.fna,,,,,
,0.06776148279993019,0.8158531188964844,test2_pattern_length,SYNTH_20251118T120209_HFAC_genomic.fna,5.0,50000.0,,,
,0.13647523273345238,0.7632408142089844,test2_pattern_length,SYNTH_20251118T120209_HFAC_genomic.fna,10.0,50000.0,,,
,0.2038299363004626,0.7631950378417969,test2_pattern_length,SYNTH_20251118T120209_HFAC_genomic.fna,15.0,50000.0,,,
,0.2716514627141545,0.7631950378417969,test2_pattern_length,SYNTH_20251118T120209_HFAC_genomic.fna,20.0,50000.0,,,
,0.4076346112007741,0.7642631530761719,test2_pattern_length,SYNTH_20251118T120209_HFAC_genomic.fna,30.0,50000.0,,,
,0.5537425936660535,0.7639884948730469,test2_pattern_length,SYNTH_20251118T120209_HFAC_genomic.fna,40.0,50000.0,,,
,0.7082988130011169,0.7639884948730469,test2_pattern_length,SYNTH_20251118T120209_HFAC_genomic.fna,50.0,50000.0,,,
,0.05113383999996586,0.4582176208496094,test3_k_threshold,SYNTH_20251118T120209_HFAC_genomic.fna,,30000.0,0.0,7.0,TATAAT
,0.051192763401195406,0.4680442810058594,test3_k_threshold,SYNTH_20251118T120209_HFAC_genomic.fna,,30000.0,1.0,268.0,TATAAT
,0.05104175879969262,0.5714378356933594,test3_k_threshold,SYNTH_20251118T120209_HFAC_genomic.fna,,30000.0,2.0,2926.0,TATAAT
,0.050495701799809466,0.9369468688964844,test3_k_threshold,SYNTH_20251118T120209_HFAC_genomic.fna,,30000.0,3.0,12421.0,TATAAT
10000.0,0.01662262690006173,0.1566143035888672,test1_slice_size,SYNTH_20251118T120209_VCKA_genomic.fna,,,,,
30000.0,0.051920753398735545,0.46822357177734375,test1_slice_size,SYNTH_20251118T120209_VCKA_genomic.fna,,,,,
50000.0,0.08539501820050646,0.7805099487304688,test1_slice_size,SYNTH_20251118T120209_VCKA_genomic.fna,,,,,
70000.0,0.12192125900037354,1.092855453491211,test1_slice_size,SYNTH_20251118T120209_VCKA_genomic.fna,,,,,
90000.0,0.16542962866757685,1.4053411483764648,test1_slice_size,SYNTH_20251118T120209_VCKA_genomic.fna,,,,,
110000.0,0.20077183666580822,1.7162818908691406,test1_slice_size,SYNTH_20251118T120209_VCKA_genomic.fna,,,,,
130000.0,0.22236863400030416,2.0290422439575195,test1_slice_size,SYNTH_20251118T120209_VCKA_genomic.fna,,,,,
,0.06870388169991201,0.8157615661621094,test2_pattern_length,SYNTH_20251118T120209_VCKA_genomic.fna,5.0,50000.0,,,
,0.13458430673344993,0.7632102966308594,test2_pattern_length,SYNTH_20251118T120209_VCKA_genomic.fna,10.0,50000.0,,,
,0.2051456589004374,0.7631950378417969,test2_pattern_length,SYNTH_20251118T120209_VCKA_genomic.fna,15.0,50000.0,,,
,0.26422808342821164,0.7631950378417969,test2_pattern_length,SYNTH_20251118T120209_VCKA_genomic.fna,20.0,50000.0,,,
,0.396376202198735,0.7639884948730469,test2_pattern_length,SYNTH_20251118T120209_VCKA_genomic.fna,30.0,50000.0,,,
,0.5316332903336539,0.7631950378417969,test2_pattern_length,SYNTH_20251118T120209_VCKA_genomic.fna,40.0,50000.0,,,
,0.6703553436673246,0.7639884948730469,test2_pattern_length,SYNTH_20251118T120209_VCKA_genomic.fna,50.0,50000.0,,,
,0.04828591279947432,0.4582176208496094,test3_k_threshold,SYNTH_20251118T120209_VCKA_genomic.fna,,30000.0,0.0,7.0,TATAAT
,0.048185072399792264,0.4676170349121094,test3_k_threshold,SYNTH_20251118T120209_VCKA_genomic.fna,,30000.0,1.0,252.0,TATAAT
,0.048928100000193805,0.5663414001464844,test3_k_threshold,SYNTH_20251118T120209_VCKA_genomic.fna,,30000.0,2.0,2852.0,TATAAT
,0.049702695599989966,0.9449729919433594,test3_k_threshold,SYNTH_20251118T120209_VCKA_genomic.fna,,30000.0,3.0,12688.0,TATAAT
10000.0,0.01639949169984902,0.1574249267578125,test1_slice_size,SYNTH_20251118T120214_PDZL_genomic.fna,,,,,
30000.0,0.05003003659949172,0.46929168701171875,test1_slice_size,SYNTH_20251118T120214_PDZL_genomic.fna,,,,,
50000.0,0.08214840360014933,0.7805547714233398,test1_slice_size,SYNTH_20251118T120214_PDZL_genomic.fna,,,,,
70000.0,0.11581467199963906,1.0926742553710938,test1_slice_size,SYNTH_20251118T120214_PDZL_genomic.fna,,,,,
90000.0,0.14760467299978094,1.4053106307983398,test1_slice_size,SYNTH_20251118T120214_PDZL_genomic.fna,,,,,
110000.0,0.1789565343327316,1.7161788940429688,test1_slice_size,SYNTH_20251118T120214_PDZL_genomic.fna,,,,,
130000.0,0.21178384766487093,2.0288314819335938,test1_slice_size,SYNTH_20251118T120214_PDZL_genomic.fna,,,,,
,0.06797652889993817,0.8188133239746094,test2_pattern_length,SYNTH_20251118T120214_PDZL_genomic.fna,5.0,50000.0,,,
,0.133249073800107,0.7632408142089844,test2_pattern_length,SYNTH_20251118T120214_PDZL_genomic.fna,10.0,50000.0,,,
,0.19907510019984329,0.7631950378417969,test2_pattern_length,SYNTH_20251118T120214_PDZL_genomic.fna,15.0,50000.0,,,
,0.2643457547144083,0.7639884948730469,test2_pattern_length,SYNTH_20251118T120214_PDZL_genomic.fna,20.0,50000.0,,,
,0.40050719900027615,0.7631950378417969,test2_pattern_length,SYNTH_20251118T120214_PDZL_genomic.fna,30.0,50000.0,,,
,0.5266863866660666,0.7631950378417969,test2_pattern_length,SYNTH_20251118T120214_PDZL_genomic.fna,40.0,50000.0,,,
,0.6613743776688352,0.7631950378417969,test2_pattern_length,SYNTH_20251118T120214_PDZL_genomic.fna,50.0,50000.0,,,
,0.048405069200089204,0.4581871032714844,test3_k_threshold,SYNTH_20251118T120214_PDZL_genomic.fna,,30000.0,0.0,6.0,TATAAT
,0.0480457903991919,0.4693603515625,test3_k_threshold,SYNTH_20251118T120214_PDZL_genomic.fna,,30000.0,1.0,275.0,TATAAT
,0.048787243000697346,0.5756797790527344,test3_k_threshold,SYNTH_20251118T120214_PDZL_genomic.fna,,30000.0,2.0,3057.0,TATAAT
,0.0485558949992992,0.9481163024902344,test3_k_threshold,SYNTH_20251118T120214_PDZL_genomic.fna,,30000.0,3.0,12787.0,TATAAT
10000.0,0.016360627100220883,0.1566314697265625,test1_slice_size,SYNTH_20251118T120214_SAEI_genomic.fna,,,,,
30000.0,0.04920559140009573,0.46862030029296875,test1_slice_size,SYNTH_20251118T120214_SAEI_genomic.fna,,,,,
50000.0,0.08298313900013454,0.7817144393920898,test1_slice_size,SYNTH_20251118T120214_SAEI_genomic.fna,,,,,
70000.0,0.11809371133131208,1.0942306518554688,test1_slice_size,SYNTH_20251118T120214_SAEI_genomic.fna,,,,,
90000.0,0.14954948333130838,1.4065313339233398,test1_slice_size,SYNTH_20251118T120214_SAEI_genomic.fna,,,,,
110000.0,0.1793790633334235,1.7188339233398438,test1_slice_size,SYNTH_20251118T120214_SAEI_genomic.fna,,,,,
130000.0,0.21215161966635301,2.0292892456054688,test1_slice_size,SYNTH_20251118T120214_SAEI_genomic.fna,,,,,
,0.06776542956649792,0.8212242126464844,test2_pattern_length,SYNTH_20251118T120214_SAEI_genomic.fna,5.0,50000.0,,,
,0.1329897689332332,0.7640380859375,test2_pattern_length,SYNTH_20251118T120214_SAEI_genomic.fna,10.0,50000.0,,,
,0.19911958099983168,0.7631950378417969,test2_pattern_length,SYNTH_20251118T120214_SAEI_genomic.fna,15.0,50000.0,,,
,0.2644568907146874,0.7639884948730469,test2_pattern_length,SYNTH_20251118T120214_SAEI_genomic.fna,20.0,50000.0,,,
,0.3966537446001894,0.7631950378417969,test2_pattern_length,SYNTH_20251118T120214_SAEI_genomic.fna,30.0,50000.0,,,
,0.5340585383334352,0.7642631530761719,test2_pattern_length,SYNTH_20251118T120214_SAEI_genomic.fna,40.0,50000.0,,,
,0.6722527876675789,0.7639884948730469,test2_pattern_length,SYNTH_20251118T120214_SAEI_genomic.fna,50.0,50000.0,,,
,0.0493763823993504,0.4580955505371094,test3_k_threshold,SYNTH_20251118T120214_SAEI_genomic.fna,,30000.0,0.0,4.0,TATAAT
,0.048876353600644504,0.4680137634277344,test3_k_threshold,SYNTH_20251118T120214_SAEI_genomic.fna,,30000.0,1.0,265.0,TATAAT
,0.04955597640073393,0.5750389099121094,test3_k_threshold,SYNTH_20251118T120214_SAEI_genomic.fna,,30000.0,2.0,3046.0,TATAAT
,0.049306530600006226,0.9474754333496094,test3_k_threshold,SYNTH_20251118T120214_SAEI_genomic.fna,,30000.0,3.0,12767.0,TATAAT
10000.0,0.016438796600414207,0.1568756103515625,test1_slice_size,SYNTH_20251118T120215_GHVX_genomic.fna,,,,,
30000.0,0.04928207159973681,0.46788787841796875,test1_slice_size,SYNTH_20251118T120215_GHVX_genomic.fna,,,,,
50000.0,0.0836709269991843,0.7798690795898438,test1_slice_size,SYNTH_20251118T120215_GHVX_genomic.fna,,,,,
70000.0,0.11592451766773593,1.0907516479492188,test1_slice_size,SYNTH_20251118T120215_GHVX_genomic.fna,,,,,
90000.0,0.14800582066527568,1.4027328491210938,test1_slice_size,SYNTH_20251118T120215_GHVX_genomic.fna,,,,,
110000.0,0.18038889633317012,1.7150802612304688,test1_slice_size,SYNTH_20251118T120215_GHVX_genomic.fna,,,,,
130000.0,0.21125314266585823,2.0258712768554688,test1_slice_size,SYNTH_20251118T120215_GHVX_genomic.fna,,,,,
,0.06757682460010983,0.8140830993652344,test2_pattern_length,SYNTH_20251118T120215_GHVX_genomic.fna,5.0,50000.0,,,
,0.13343141513323645,0.7639884948730469,test2_pattern_length,SYNTH_20251118T120215_GHVX_genomic.fna,10.0,50000.0,,,
,0.19988587599946187,0.7631950378417969,test2_pattern_length,SYNTH_20251118T120215_GHVX_genomic.fna,15.0,50000.0,,,
,0.2665979565717862,0.7639884948730469,test2_pattern_length,SYNTH_20251118T120215_GHVX_genomic.fna,20.0,50000.0,,,
,0.403926480600785,0.7631950378417969,test2_pattern_length,SYNTH_20251118T120215_GHVX_genomic.fna,30.0,50000.0,,,
,0.5351046403326715,0.7639884948730469,test2_pattern_length,SYNTH_20251118T120215_GHVX_genomic.fna,40.0,50000.0,,,
,0.6730791893326872,0.7639884948730469,test2_pattern_length,SYNTH_20251118T120215_GHVX_genomic.fna,50.0,50000.0,,,
,0.04833008700079518,0.4582176208496094,test3_k_threshold,SYNTH_20251118T120215_GHVX_genomic.fna,,30000.0,0.0,7.0,TATAAT
,0.04817604660056531,0.4672813415527344,test3_k_threshold,SYNTH_20251118T120215_GHVX_genomic.fna,,30000.0,1.0,242.0,TATAAT
,0.048705644799338185,0.5649681091308594,test3_k_threshold,SYNTH_20251118T120215_GHVX_genomic.fna,,30000.0,2.0,2804.0,TATAAT
,0.049458071999833916,0.9411582946777344,test3_k_threshold,SYNTH_20251118T120215_GHVX_genomic.fna,,30000.0,3.0,12558.0,TATAAT
10000.0,0.016471895400172798,0.1568307876586914,test1_slice_size,SYNTH_20251118T120216_LRWU_genomic.fna,,,,,
30000.0,0.049518501799320803,0.46862030029296875,test1_slice_size,SYNTH_20251118T120216_LRWU_genomic.fna,,,,,
50000.0,0.08307739260053496,0.7799606323242188,test1_slice_size,SYNTH_20251118T120216_LRWU_genomic.fna,,,,,
70000.0,0.11541874600031103,1.0920801162719727,test1_slice_size,SYNTH_20251118T120216_LRWU_genomic.fna,,,,,
90000.0,0.14805156600050395,1.4046220779418945,test1_slice_size,SYNTH_20251118T120216_LRWU_genomic.fna,,,,,
110000.0,0.1800891783326127,1.7157821655273438,test1_slice_size,SYNTH_20251118T120216_LRWU_genomic.fna,,,,,
130000.0,0.21967075099867847,2.0298385620117188,test1_slice_size,SYNTH_20251118T120216_LRWU_genomic.fna,,,,,
,0.06791072359992541,0.8182640075683594,test2_pattern_length,SYNTH_20251118T120216_LRWU_genomic.fna,5.0,50000.0,,,
,0.13625998646651472,0.7631950378417969,test2_pattern_length,SYNTH_20251118T120216_LRWU_genomic.fna,10.0,50000.0,,,
,0.20415977950033265,0.7631950378417969,test2_pattern_length,SYNTH_20251118T120216_LRWU_genomic.fna,15.0,50000.0,,,
,0.2731267642853449,0.7631950378417969,test2_pattern_length,SYNTH_20251118T120216_LRWU_genomic.fna,20.0,50000.0,,,
,0.40649528979993194,0.7631950378417969,test2_pattern_length,SYNTH_20251118T120216_LRWU_genomic.fna,30.0,50000.0,,,
,0.542675332998139,0.7639884948730469,test2_pattern_length,SYNTH_20251118T120216_LRWU_genomic.fna,40.0,50000.0,,,
,0.6777568049995656,0.7639884948730469,test2_pattern_length,SYNTH_20251118T120216_LRWU_genomic.fna,50.0,50000.0,,,
,0.05032576759986114,0.4581871032714844,test3_k_threshold,SYNTH_20251118T120216_LRWU_genomic.fna,,30000.0,0.0,6.0,TATAAT
,0.04945271499891533,0.4680137634277344,test3_k_threshold,SYNTH_20251118T120216_LRWU_genomic.fna,,30000.0,1.0,267.0,TATAAT
,0.04882454559992766,0.5736045837402344,test3_k_threshold,SYNTH_20251118T120216_LRWU_genomic.fna,,30000.0,2.0,3006.0,TATAAT
,0.05000266619899776,0.9380149841308594,test3_k_threshold,SYNTH_20251118T120216_LRWU_genomic.fna,,30000.0,3.0,12463.0,TATAAT
10000.0,0.015897750099975384,0.1567058563232422,test1_slice_size,SYNTH_20251118T120217_SPRH_genomic.fna,,,,,
30000.0,0.04807649079884868,0.46929168701171875,test1_slice_size,SYNTH_20251118T120217_SPRH_genomic.fna,,,,,
50000.0,0.08156186740088742,0.7825994491577148,test1_slice_size,SYNTH_20251118T120217_SPRH_genomic.fna,,,,,
70000.0,0.11579280266839002,1.0942277908325195,test1_slice_size,SYNTH_20251118T120217_SPRH_genomic.fna,,,,,
90000.0,0.14596484466649903,1.4082536697387695,test1_slice_size,SYNTH_20251118T120217_SPRH_genomic.fna,,,,,
110000.0,0.17738860900135478,1.7200384140014648,test1_slice_size,SYNTH_20251118T120217_SPRH_genomic.fna,,,,,
130000.0,0.21055230133303363,2.03208065032959,test1_slice_size,SYNTH_20251118T120217_SPRH_genomic.fna,,,,,
,0.06813734756675936,0.8202781677246094,test2_pattern_length,SYNTH_20251118T120217_SPRH_genomic.fna,5.0,50000.0,,,
,0.13650828273336327,0.7632713317871094,test2_pattern_length,SYNTH_20251118T120217_SPRH_genomic.fna,10.0,50000.0,,,
,0.20416270540008555,0.7631950378417969,test2_pattern_length,SYNTH_20251118T120217_SPRH_genomic.fna,15.0,50000.0,,,
,0.27247795814244974,0.7631950378417969,test2_pattern_length,SYNTH_20251118T120217_SPRH_genomic.fna,20.0,50000.0,,,
,0.4079418114008149,0.7639884948730469,test2_pattern_length,SYNTH_20251118T120217_SPRH_genomic.fna,30.0,50000.0,,,
,0.5499299206688496,0.7642631530761719,test2_pattern_length,SYNTH_20251118T120217_SPRH_genomic.fna,40.0,50000.0,,,
,0.6785408966655572,0.7639884948730469,test2_pattern_length,SYNTH_20251118T120217_SPRH_genomic.fna,50.0,50000.0,,,
,0.04959680719912285,0.4581565856933594,test3_k_threshold,SYNTH_20251118T120217_SPRH_genomic.fna,,30000.0,0.0,5.0,TATAAT
,0.04941371099994285,0.4686851501464844,test3_k_threshold,SYNTH_20251118T120217_SPRH_genomic.fna,,30000.0,1.0,280.0,TATAAT
,0.04929368760058424,0.5743980407714844,test3_k_threshold,SYNTH_20251118T120217_SPRH_genomic.fna,,30000.0,2.0,3041.0,TATAAT
,0.04990355879999697,0.9467430114746094,test3_k_threshold,SYNTH_20251118T120217_SPRH_genomic.fna,,30000.0,3.0,12752.0,TATAAT
10000.0,0.015910397599509452,0.1566143035888672,test1_slice_size,SYNTH_20251118T120218_RQUI_genomic.fna,,,,,
30000.0,0.04844854319962906,0.46822357177734375,test1_slice_size,SYNTH_20251118T120218_RQUI_genomic.fna,,,,,
50000.0,0.08013408200058621,0.7803573608398438,test1_slice_size,SYNTH_20251118T120218_RQUI_genomic.fna,,,,,
70000.0,0.1135138446673712,1.0921249389648438,test1_slice_size,SYNTH_20251118T120218_RQUI_genomic.fna,,,,,
90000.0,0.14804044566699304,1.404684066772461,test1_slice_size,SYNTH_20251118T120218_RQUI_genomic.fna,,,,,
110000.0,0.1774742186680669,1.716085433959961,test1_slice_size,SYNTH_20251118T120218_RQUI_genomic.fna,,,,,
130000.0,0.21254817233178377,2.03024959564209,test1_slice_size,SYNTH_20251118T120218_RQUI_genomic.fna,,,,,
,0.06807167193328496,0.8193626403808594,test2_pattern_length,SYNTH_20251118T120218_RQUI_genomic.fna,5.0,50000.0,,,
,0.1363783842001188,0.7632408142089844,test2_pattern_length,SYNTH_20251118T120218_RQUI_genomic.fna,10.0,50000.0,,,
,0.20320309779999662,0.7639884948730469,test2_pattern_length,SYNTH_20251118T120218_RQUI_genomic.fna,15.0,50000.0,,,
,0.2722170342853393,0.7631950378417969,test2_pattern_length,SYNTH_20251118T120218_RQUI_genomic.fna,20.0,50000.0,,,
,0.410591641398787,0.7639884948730469,test2_pattern_length,SYNTH_20251118T120218_RQUI_genomic.fna,30.0,50000.0,,,
,0.5564803513334482,0.7639884948730469,test2_pattern_length,SYNTH_20251118T120218_RQUI_genomic.fna,40.0,50000.0,,,
,0.6817013269998521,0.7639884948730469,test2_pattern_length,SYNTH_20251118T120218_RQUI_genomic.fna,50.0,50000.0,,,
,0.05027345139969839,0.4582176208496094,test3_k_threshold,SYNTH_20251118T120218_RQUI_genomic.fna,,30000.0,0.0,7.0,TATAAT
,0.05017276799917454,0.4676170349121094,test3_k_threshold,SYNTH_20251118T120218_RQUI_genomic.fna,,30000.0,1.0,251.0,TATAAT
,0.050002234400017186,0.5675926208496094,test3_k_threshold,SYNTH_20251118T120218_RQUI_genomic.fna,,30000.0,2.0,2883.0,TATAAT
,0.05095548720128136,0.9343223571777344,test3_k_threshold,SYNTH_20251118T120218_RQUI_genomic.fna,,30000.0,3.0,12301.0,TATAAT
10000.0,0.016004267999960575,0.1568756103515625,test1_slice_size,SYNTH_20251118T120219_GAQZ_genomic.fna,,,,,
30000.0,0.047999910599901344,0.46840476989746094,test1_slice_size,SYNTH_20251118T120219_GAQZ_genomic.fna,,,,,
50000.0,0.08431327580037759,0.7801437377929688,test1_slice_size,SYNTH_20251118T120219_GAQZ_genomic.fna,,,,,
70000.0,0.11767703000077745,1.0917282104492188,test1_slice_size,SYNTH_20251118T120219_GAQZ_genomic.fna,,,,,
90000.0,0.1514728506663232,1.4047470092773438,test1_slice_size,SYNTH_20251118T120219_GAQZ_genomic.fna,,,,,
110000.0,0.18514566733210813,1.7177047729492188,test1_slice_size,SYNTH_20251118T120219_GAQZ_genomic.fna,,,,,
130000.0,0.22284887899877504,2.028815269470215,test1_slice_size,SYNTH_20251118T120219_GAQZ_genomic.fna,,,,,
,0.06907727356665419,0.8161582946777344,test2_pattern_length,SYNTH_20251118T120219_GAQZ_genomic.fna,5.0,50000.0,,,
,0.13746146526633918,0.7631950378417969,test2_pattern_length,SYNTH_20251118T120219_GAQZ_genomic.fna,10.0,50000.0,,,
,0.20496178550019978,0.7639884948730469,test2_pattern_length,SYNTH_20251118T120219_GAQZ_genomic.fna,15.0,50000.0,,,
,0.2728682241421276,0.7631950378417969,test2_pattern_length,SYNTH_20251118T120219_GAQZ_genomic.fna,20.0,50000.0,,,
,0.40781592080020346,0.7639884948730469,test2_pattern_length,SYNTH_20251118T120219_GAQZ_genomic.fna,30.0,50000.0,,,
,0.5434044659996289,0.7639884948730469,test2_pattern_length,SYNTH_20251118T120219_GAQZ_genomic.fna,40.0,50000.0,,,
,0.6775504963346369,0.7639884948730469,test2_pattern_length,SYNTH_20251118T120219_GAQZ_genomic.fna,50.0,50000.0,,,
,0.05179626119934255,0.4580650329589844,test3_k_threshold,SYNTH_20251118T120219_GAQZ_genomic.fna,,30000.0,0.0,3.0,TATAAT
,0.04969120820023818,0.4677085876464844,test3_k_threshold,SYNTH_20251118T120219_GAQZ_genomic.fna,,30000.0,1.0,254.0,TATAAT
,0.049192428200331054,0.5657310485839844,test3_k_threshold,SYNTH_20251118T120219_GAQZ_genomic.fna,,30000.0,2.0,2838.0,TATAAT
,0.05003564179933164,0.9370994567871094,test3_k_threshold,SYNTH_20251118T120219_GAQZ_genomic.fna,,30000.0,3.0,12441.0,TATAAT
10000.0,0.016036286500457207,0.1568450927734375,test1_slice_size,SYNTH_20251118T120219_PUQZ_genomic.fna,,,,,
30000.0,0.04829219940002076,0.46925926208496094,test1_slice_size,SYNTH_20251118T120219_PUQZ_genomic.fna,,,,,
50000.0,0.08223241840023547,0.7803573608398438,test1_slice_size,SYNTH_20251118T120219_PUQZ_genomic.fna,,,,,
70000.0,0.11254874300114655,1.0934514999389648,test1_slice_size,SYNTH_20251118T120219_PUQZ_genomic.fna,,,,,
90000.0,0.14724110766595308,1.4051580429077148,test1_slice_size,SYNTH_20251118T120219_PUQZ_genomic.fna,,,,,
110000.0,0.1792128529996262,1.7174444198608398,test1_slice_size,SYNTH_20251118T120219_PUQZ_genomic.fna,,,,,
130000.0,0.21130598700013556,2.0291061401367188,test1_slice_size,SYNTH_20251118T120219_PUQZ_genomic.fna,,,,,
,0.06816427269999016,0.8163108825683594,test2_pattern_length,SYNTH_20251118T120219_PUQZ_genomic.fna,5.0,50000.0,,,
,0.13714070306644618,0.7633628845214844,test2_pattern_length,SYNTH_20251118T120219_PUQZ_genomic.fna,10.0,50000.0,,,
,0.20472342899956858,0.7639884948730469,test2_pattern_length,SYNTH_20251118T120219_PUQZ_genomic.fna,15.0,50000.0,,,
,0.272407320714722,0.7631950378417969,test2_pattern_length,SYNTH_20251118T120219_PUQZ_genomic.fna,20.0,50000.0,,,
,0.4152118633995997,0.7639884948730469,test2_pattern_length,SYNTH_20251118T120219_PUQZ_genomic.fna,30.0,50000.0,,,
,0.5452291533341244,0.7642631530761719,test2_pattern_length,SYNTH_20251118T120219_PUQZ_genomic.fna,40.0,50000.0,,,
,0.6793344306667374,0.7639884948730469,test2_pattern_length,SYNTH_20251118T120219_PUQZ_genomic.fna,50.0,50000.0,,,
,0.05200899959891103,0.4583396911621094,test3_k_threshold,SYNTH_20251118T120219_PUQZ_genomic.fna,,30000.0,0.0,9.0,TATAAT
,0.04994985980010824,0.4685630798339844,test3_k_threshold,SYNTH_20251118T120219_PUQZ_genomic.fna,,30000.0,1.0,272.0,TATAAT
,0.051993765600491314,0.5660362243652344,test3_k_threshold,SYNTH_20251118T120219_PUQZ_genomic.fna,,30000.0,2.0,2848.0,TATAAT
,0.05084235800022725,0.9374351501464844,test3_k_threshold,SYNTH_20251118T120219_PUQZ_genomic.fna,,30000.0,3.0,12459.0,TATAAT
10000.0,0.016145506400062005,0.1566143035888672,test1_slice_size,SYNTH_20251118T120220_UNUE_genomic.fna,,,,,
30000.0,0.049405269799171946,0.46781063079833984,test1_slice_size,SYNTH_20251118T120220_UNUE_genomic.fna,,,,,
50000.0,0.08308143379981629,0.7800827026367188,test1_slice_size,SYNTH_20251118T120220_UNUE_genomic.fna,,,,,
70000.0,0.11653380866725153,1.0924139022827148,test1_slice_size,SYNTH_20251118T120220_UNUE_genomic.fna,,,,,
90000.0,0.14601408866534862,1.4048995971679688,test1_slice_size,SYNTH_20251118T120220_UNUE_genomic.fna,,,,,
110000.0,0.17743185766691263,1.7158432006835938,test1_slice_size,SYNTH_20251118T120220_UNUE_genomic.fna,,,,,
130000.0,0.21191065266611986,2.0288619995117188,test1_slice_size,SYNTH_20251118T120220_UNUE_genomic.fna,,,,,
,0.06782856273348443,0.815704345703125,test2_pattern_length,SYNTH_20251118T120220_UNUE_genomic.fna,5.0,50000.0,,,
,0.13666338779973256,0.7633323669433594,test2_pattern_length,SYNTH_20251118T120220_UNUE_genomic.fna,10.0,50000.0,,,
,0.20557179440002074,0.7631950378417969,test2_pattern_length,SYNTH_20251118T120220_UNUE_genomic.fna,15.0,50000.0,,,
,0.2723395712850366,0.7631950378417969,test2_pattern_length,SYNTH_20251118T120220_UNUE_genomic.fna,20.0,50000.0,,,
,0.4072707305997028,0.7639884948730469,test2_pattern_length,SYNTH_20251118T120220_UNUE_genomic.fna,30.0,50000.0,,,
,0.5430620110006809,0.7631950378417969,test2_pattern_length,SYNTH_20251118T120220_UNUE_genomic.fna,40.0,50000.0,,,
,0.6776896816688046,0.7631950378417969,test2_pattern_length,SYNTH_20251118T120220_UNUE_genomic.fna,50.0,50000.0,,,
,0.049630272999638694,0.4581871032714844,test3_k_threshold,SYNTH_20251118T120220_UNUE_genomic.fna,,30000.0,0.0,6.0,TATAAT
,0.050392160200863144,0.4671592712402344,test3_k_threshold,SYNTH_20251118T120220_UNUE_genomic.fna,,30000.0,1.0,238.0,TATAAT
,0.04919533939973917,0.5620384216308594,test3_k_threshold,SYNTH_20251118T120220_UNUE_genomic.fna,,30000.0,2.0,2710.0,TATAAT
,0.050026718199660536,0.9319725036621094,test3_k_threshold,SYNTH_20251118T120220_UNUE_genomic.fna,,30000.0,3.0,12267.0,TATAAT
