dataset_name,data_source,algorithm_type,k_value,pattern_length,n,time_seconds_mean,peak_memory_mb,time_seconds_min,time_seconds_max,matches_found,bitmask_time_ms,bit_operations,state_vectors,implementation,k
GCA_000517165.1,real,exact,,5,88283,0.321493893902516,2.439593315124512,0.311397517012665,0.3311260600021342,68299,0.0087950029410421,333148,1,single-word,
GCA_000517165.1,real,exact,,10,88283,0.3753323597993585,3.000518798828125,0.3681344450014876,0.3933763189997989,84035,0.010372998076491,348884,1,single-word,
GCA_000517165.1,real,exact,,20,88283,0.3812410794984316,3.1064491271972656,0.3757118079956854,0.3865790309937438,88011,0.0146410020533949,352860,1,single-word,
GCA_000517165.1,real,exact,,50,88283,0.386396259504545,3.1136196136474608,0.3777767330029746,0.3983662149985321,88277,0.0200840004254132,353126,1,single-word,
GCA_000517165.1,real,exact,,64,88283,0.3936498017021222,3.11368179321289,0.383901932000299,0.4274283110135002,88281,0.0239910004893317,353130,1,single-word,
GCA_001308065.1,real,exact,,5,1000000,3.530891554898699,27.595485115051268,3.4721209019917296,3.639163212996209,759482,0.0086780055426061,3759482,1,single-word,
GCA_001308065.1,real,exact,,10,1000000,4.1695502481015865,34.14591693878174,4.125132853005198,4.230865717996494,941516,0.0177829933818429,3941516,1,single-word,
GCA_001308065.1,real,exact,,20,1000000,4.232390570202552,35.623938941955565,4.173737784003606,4.326990722998744,996880,0.0178490008693188,3996880,1,single-word,
GCA_001308065.1,real,exact,,50,1000000,4.4197068737979865,35.70712833404541,4.244400108989794,4.961748482004623,999996,0.0221829977817833,3999996,1,single-word,
GCA_001308065.1,real,exact,,64,1000000,4.414448533501127,35.70722141265869,4.201188424995053,4.775695479998831,999998,0.0257290084846317,3999998,1,single-word,
GCA_030296535.1,real,exact,,5,100000,0.2801396270020632,2.777279853820801,0.2195262440072838,0.4431595920032123,78027,0.0080169993452727,378027,1,single-word,
GCA_030296535.1,real,exact,,10,100000,0.2618910659992252,3.3781747817993164,0.2533081690053222,0.2739434899995103,94573,0.008264003554359,394573,1,single-word,
GCA_030296535.1,real,exact,,20,100000,0.2662137648992939,3.515213966369629,0.2573350869934074,0.2834440159931546,99720,0.0099970056908205,399720,1,single-word,
GCA_030296535.1,real,exact,,50,100000,0.2741918986968812,3.5225419998168945,0.2621978289971594,0.3389239309908589,99995,0.0128690007841214,399995,1,single-word,
GCA_030296535.1,real,exact,,64,100000,0.2801915668998845,3.522580146789551,0.2639566709985956,0.3347061410022434,99996,0.0189610000234097,399996,1,single-word,
GCA_000269645.2,real,exact,,5,1000000,3.607813842498581,27.237787628173827,3.508095212993794,3.734402682006476,746084,0.0101939949672669,3746084,1,single-word,
GCA_000269645.2,real,exact,,10,1000000,4.195820760302013,32.96327304840088,4.09958476400061,4.31090869900072,930752,0.0121179909911006,3930752,1,single-word,
GCA_000269645.2,real,exact,,20,1000000,4.190286376900621,35.60126667022705,4.107390382996528,4.449448558007134,996032,0.0134119909489527,3996032,1,single-word,
GCA_000269645.2,real,exact,,50,1000000,4.312752913701115,35.70710048675537,4.154985275003128,4.7914499870094005,999992,0.0230620062211528,3999992,1,single-word,
GCA_000269645.2,real,exact,,64,1000000,4.314349238100112,35.707086372375485,4.224123735999456,4.456347817002097,999994,0.0242100068135187,3999994,1,single-word,
GCA_009767645.1,real,exact,,5,1133,0.0048945722985081,0.0270671844482421,0.0046130170085234,0.0054252409900072,894,0.0063490006141364,4293,1,single-word,
GCA_009767645.1,real,exact,,10,1133,0.0053830321005079,0.0315227508544921,0.0053406509978231,0.0054570329957641,1066,0.0036209967220202,4465,1,single-word,
GCA_009767645.1,real,exact,,20,1133,0.0054523505983524,0.033823013305664,0.0053697239927714,0.0055514309933641,1126,0.0066649954533204,4525,1,single-word,
GCA_009767645.1,real,exact,,50,1133,0.0055024395012878,0.033914566040039,0.0054350880091078,0.0056000799959292,1129,0.0143239885801449,4528,1,single-word,
GCA_009767645.1,real,exact,,64,1133,0.0054952345002675,0.0339260101318359,0.0054292819986585,0.0055723519908497,1129,0.0188910053111612,4528,1,single-word,
GCA_042017895.1,real,exact,,5,100000,0.2599326523006312,2.693779945373535,0.2296652950026327,0.3638676779955858,74881,0.0062470062403008,374881,1,single-word,
GCA_042017895.1,real,exact,,10,100000,0.2847191722990828,3.3758249282836914,0.2559960799990222,0.3402457670017611,94482,0.0066579959820955,394482,1,single-word,
GCA_042017895.1,real,exact,,20,100000,0.3291560701967683,3.514573097229004,0.2985880279884441,0.4581951689906418,99696,0.0084549974417313,399696,1,single-word,
GCA_042017895.1,real,exact,,50,100000,0.2707663393011899,3.5226221084594727,0.2649092539941193,0.2980600169976242,99998,0.0111659901449456,399998,1,single-word,
GCA_042017895.1,real,exact,,64,100000,0.2955290177022107,3.522580146789551,0.2669352119992254,0.343677953002043,99996,0.0164519879035651,399996,1,single-word,
GCA_011750965.1,real,exact,,5,13449,0.0306824012004653,0.3626232147216797,0.0294611040008021,0.0325876229908317,10242,0.0026950001483783,50589,1,single-word,
GCA_011750965.1,real,exact,,10,13449,0.0416807793997577,0.4459514617919922,0.0388101959979394,0.050593794992892,12609,0.0052830000640824,52956,1,single-word,
GCA_011750965.1,real,exact,,20,13449,0.0430896340985782,0.4667797088623047,0.039259591998416,0.0555432010005461,13403,0.005922993295826,53750,1,single-word,
GCA_011750965.1,real,exact,,50,13449,0.0391888022990315,0.4679126739501953,0.0365662929980317,0.0414189459988847,13445,0.0101990008261054,53792,1,single-word,
GCA_011750965.1,real,exact,,64,13449,0.0408787063017371,0.4679508209228515,0.0373304210079368,0.0514732759911567,13446,0.0198999914573505,53793,1,single-word,
GCA_011750905.1,real,exact,,5,16618,0.0381306634022621,0.4671506881713867,0.0369908160064369,0.0421502460085321,13253,0.0046140048652887,63107,1,single-word,
GCA_011750905.1,real,exact,,10,16618,0.0472147153966943,0.559260368347168,0.0436687369947321,0.0641795550036476,15712,0.0079150049714371,65566,1,single-word,
GCA_011750905.1,real,exact,,20,16618,0.0484224165003979,0.5815572738647461,0.0454288949986221,0.0647722520079696,16561,0.0070200039772316,66415,1,single-word,
GCA_011750905.1,real,exact,,50,16618,0.0475638577976496,0.5829496383666992,0.0458927790023153,0.0549542799999471,16614,0.0159339979290962,66468,1,single-word,
GCA_011750905.1,real,exact,,64,16618,0.0465136482976959,0.5829534530639648,0.044300599998678,0.0494647129962686,16614,0.0122119963634759,66468,1,single-word,
GCA_000005845.2,real,exact,,5,1000000,3.734217640399584,27.28672866821289,3.5425347019918263,4.078281257010531,747902,0.0087560038082301,3747902,1,single-word,
GCA_000005845.2,real,exact,,10,1000000,4.24188198389893,34.22856388092041,4.129638639002224,4.352278424004908,944605,0.0131570122903212,3944605,1,single-word,
GCA_000005845.2,real,exact,,20,1000000,4.2929761778010285,35.63186817169189,4.139987938004197,4.505280960991513,997176,0.0155789894051849,3997176,1,single-word,
GCA_000005845.2,real,exact,,50,1000000,4.402690822002478,35.70728740692139,4.276821987004951,4.6237784450058825,999998,0.0234820035984739,3999998,1,single-word,
GCA_000005845.2,real,exact,,64,1000000,4.428639277200273,35.7072172164917,4.303000312997028,4.58911089799949,999996,0.0318910024361684,3999996,1,single-word,
GCA_001544635.1,real,exact,,5,1000000,3.6968496917994345,27.52998924255371,3.550975024001673,3.898687288005021,757044,0.0089560053311288,3757044,1,single-word,
GCA_001544635.1,real,exact,,10,1000000,4.266734241199447,34.20477428436279,4.109705661991029,4.46844828799658,943714,0.0106670049717649,3943714,1,single-word,
GCA_001544635.1,real,exact,,20,1000000,4.227286524696683,35.626127052307126,4.128007299994351,4.446399685999495,996963,0.0184460077434778,3996963,1,single-word,
GCA_001544635.1,real,exact,,50,1000000,4.32101207459782,35.70731410980225,4.219880636999733,4.461532483997871,1000000,0.0197930057765916,4000000,1,single-word,
GCA_001544635.1,real,exact,,64,1000000,4.415028847099165,35.70720815658569,4.231220460002078,4.613355120993219,1000000,0.0267360010184347,4000000,1,single-word,
GCA_011750915.1,real,exact,,5,15358,0.0344968678997247,0.4123373031616211,0.0333237320010084,0.039639784998144,11661,0.0039219885366037,57735,1,single-word,
GCA_011750915.1,real,exact,,10,15358,0.0428981172983185,0.511012077331543,0.0411780230060685,0.0444238999916706,14490,0.0081629987107589,60564,1,single-word,
GCA_011750915.1,real,exact,,20,15358,0.0732095345010748,0.5470037460327148,0.0541945750010199,0.0794633049954427,15313,0.0106079969555139,61387,1,single-word,
GCA_011750915.1,real,exact,,50,15358,0.0796262152012786,0.5481290817260742,0.0780696089932462,0.081425227006548,15355,0.016486010281369,61429,1,single-word,
GCA_011750915.1,real,exact,,64,15358,0.0876668300988967,0.5480794906616211,0.0792521529947407,0.1134834810072789,15353,0.023376996978186,61427,1,single-word,
GCA_902729235.2,real,exact,,5,5273,0.0147324384030071,0.1354656219482422,0.0112675520067568,0.0229230849945452,3878,0.0027440109988674,19697,1,single-word,
GCA_902729235.2,real,exact,,10,5273,0.0139441227976931,0.1714534759521484,0.013454478001222,0.0153499029984232,4970,0.0029700022423639,20789,1,single-word,
GCA_902729235.2,real,exact,,20,5273,0.013639155900455,0.1835918426513672,0.0134978770074667,0.0137880779948318,5260,0.0058029982028529,21079,1,single-word,
GCA_902729235.2,real,exact,,50,5273,0.0137190030989586,0.1838436126708984,0.013571168994531,0.0138402430020505,5269,0.0074059935286641,21088,1,single-word,
GCA_902729235.2,real,exact,,64,5273,0.0144757958012633,0.183908462524414,0.0136723960022209,0.0150492100074188,5271,0.0118419993668794,21090,1,single-word,
GCA_045343875.1,real,exact,,5,100000,0.2484500087040942,2.7161035537719727,0.22524706000695,0.3040851100086001,75731,0.0080899917520582,375731,1,single-word,
GCA_045343875.1,real,exact,,10,100000,0.2708683448028751,3.37032413482666,0.2573022090073209,0.2890575290075503,94281,0.0069920060923323,394281,1,single-word,
GCA_045343875.1,real,exact,,20,100000,0.2879037216014694,3.5129175186157227,0.2653061050077667,0.3983097010059282,99634,0.0115979928523302,399634,1,single-word,
GCA_045343875.1,real,exact,,50,100000,0.2763264235021779,3.5225954055786133,0.2661159439885523,0.3124224790080916,99997,0.0133200082927942,399997,1,single-word,
GCA_045343875.1,real,exact,,64,100000,0.2958441518028848,3.522580146789551,0.2693602260114858,0.3509185570001136,99996,0.0181390059879049,399996,1,single-word,
GCA_011750975.1,real,exact,,5,10240,0.0436425118998158,0.2750673294067383,0.0430250389908906,0.0449848690041108,7726,0.0064299965742975,38446,1,single-word,
GCA_011750975.1,real,exact,,10,10240,0.0467954666994046,0.3415689468383789,0.028407949997927,0.0517474890075391,9622,0.0044669868657365,40342,1,single-word,
GCA_011750975.1,real,exact,,20,10240,0.0287960196990752,0.3564157485961914,0.0278818210063036,0.0303279899962944,10194,0.00581300992053,40914,1,single-word,
GCA_011750975.1,real,exact,,50,10240,0.0285575041983975,0.3574686050415039,0.0276956949965097,0.0298838169983355,10236,0.0084729981608688,40956,1,single-word,
GCA_011750975.1,real,exact,,64,10240,0.0287578214978566,0.3574533462524414,0.0277341339970007,0.0310534669988555,10235,0.017174010281451,40955,1,single-word,
GCA_033344675.1,real,exact,,5,100000,0.4416570187036995,2.6989336013793945,0.4345396249991609,0.4461272629996529,75087,0.0085649953689426,375087,1,single-word,
GCA_033344675.1,real,exact,,10,100000,0.5116598689026433,3.370377540588379,0.5054451799951494,0.520240614991053,94284,0.0104360078694298,394284,1,single-word,
GCA_033344675.1,real,exact,,20,100000,0.5289063631993486,3.5132646560668945,0.5231935610063374,0.5340239840006689,99647,0.0115519942482933,399647,1,single-word,
GCA_033344675.1,real,exact,,50,100000,0.2912982108988217,3.5226221084594727,0.2664227880013641,0.3839355990057811,99998,0.0121220073197036,399998,1,single-word,
GCA_033344675.1,real,exact,,64,100000,0.3309620972999255,3.522633552551269,0.2727320569974836,0.4043843070103321,99998,0.0305869907606393,399998,1,single-word,
GCA_000801205.1,real,exact,,5,1000000,3.496359581897559,27.99542808532715,3.426705818012124,3.6803591969946874,774475,0.0081280013546347,3774475,1,single-word,
GCA_000801205.1,real,exact,,10,1000000,4.077598978098831,34.2539888381958,4.036875898993458,4.192148824004107,945566,0.0109270040411502,3945566,1,single-word,
GCA_000801205.1,real,exact,,20,1000000,4.176394604198867,35.62305507659912,4.128844655991998,4.237090741997236,996845,0.0130010012071579,3996845,1,single-word,
GCA_000801205.1,real,exact,,50,1000000,4.197210263401212,35.707235145568845,4.134732580001582,4.334179901998141,1000000,0.0228919961955398,4000000,1,single-word,
GCA_000801205.1,real,exact,,64,1000000,4.226339605000976,35.70724811553955,4.144977093004854,4.38294832399697,999999,0.0265370035776868,3999999,1,single-word,
GCA_000364365.1,real,exact,,5,7580,0.0270501357998,0.2113973617553711,0.0260000369889894,0.0329060749936616,5955,0.0045800115913152,28695,1,single-word,
GCA_000364365.1,real,exact,,10,7580,0.0309986027015838,0.2475862503051757,0.0306564509955933,0.0320390310080256,7112,0.0044839980546385,29852,1,single-word,
GCA_000364365.1,real,exact,,20,7580,0.031264454399934,0.2663431167602539,0.0308586890023434,0.0322609720024047,7560,0.0089800014393404,30300,1,single-word,
GCA_000364365.1,real,exact,,50,7580,0.0320959331002086,0.2668352127075195,0.0312667609978234,0.0360316940059419,7578,0.01653800427448,30318,1,single-word,
GCA_000364365.1,real,exact,,64,7580,0.0363074255990795,0.266819953918457,0.0314126890007173,0.05059017399617,7577,0.0191900035133585,30317,1,single-word,
GCA_011750885.1,real,exact,,5,15808,0.0386854249998577,0.4348421096801758,0.0342514809890417,0.0743776369927218,12068,0.0043280015233904,59492,1,single-word,
GCA_011750885.1,real,exact,,10,15808,0.0445681761033483,0.5202531814575195,0.0410631229897262,0.048142629006179,14825,0.0061260070651769,62249,1,single-word,
GCA_011750885.1,real,exact,,20,15808,0.0442081705012242,0.5589685440063477,0.0414492620038799,0.0504636440018657,15745,0.0068329973146319,63169,1,single-word,
GCA_011750885.1,real,exact,,50,15808,0.0451527635028469,0.5605478286743164,0.0433408810058608,0.0471137269923929,15804,0.0125010119518265,63228,1,single-word,
GCA_011750885.1,real,exact,,64,15808,0.059981838800013,0.560551643371582,0.0415759580064332,0.0808036419912241,15804,0.012142991181463,63228,1,single-word,
GCA_000273425.1,real,exact,,5,1000000,3.618347591302881,27.286273574829103,3.5482347999932244,3.6981066340085818,747886,0.0086099898908287,3747886,1,single-word,
GCA_000273425.1,real,exact,,10,1000000,4.212162124401948,34.228591728210446,4.151212577009574,4.322701495009824,944605,0.0117529998533427,3944605,1,single-word,
GCA_000273425.1,real,exact,,20,1000000,4.212518082201131,35.63181629180908,4.157237253995845,4.322703635989456,997174,0.0133499997900798,3997174,1,single-word,
GCA_000273425.1,real,exact,,50,1000000,4.242326852999395,35.707181739807126,4.169387917005224,4.356083203005255,999998,0.0220149959204718,3999998,1,single-word,
GCA_000273425.1,real,exact,,64,1000000,4.437494930598769,35.70721874237061,4.193866326007992,4.820151895997697,999996,0.0243960093939676,3999996,1,single-word,
GCA_032878995.1,real,exact,,5,100000,0.4392467892015702,2.881455421447754,0.4314360760035924,0.4497086799965473,79105,0.0079519959399476,379105,1,single-word,
GCA_032878995.1,real,exact,,10,100000,0.5056762966996757,3.3822336196899414,0.4992811810079729,0.513185894000344,94718,0.0092590053100138,394718,1,single-word,
GCA_032878995.1,real,exact,,20,100000,0.5217580723983701,3.5132646560668945,0.5151366509962827,0.5329189040057827,99646,0.0118610041681677,399646,1,single-word,
GCA_032878995.1,real,exact,,50,100000,0.5529958988976432,3.5226755142211914,0.5259618109994335,0.7248226770025212,99999,0.0281230022665113,399999,1,single-word,
GCA_032878995.1,real,exact,,64,100000,0.7102812665994861,3.522633552551269,0.6988918840070255,0.7250121700053569,99997,0.0329460017383098,399997,1,single-word,
GCA_003627195.1,real,exact,,5,1000000,2.1249318399000914,27.419472694396973,2.040858236010536,2.1891326469922205,752891,0.0059810117818415,3752891,1,single-word,
GCA_003627195.1,real,exact,,10,1000000,2.385930582796573,34.11560916900635,2.3771141229954083,2.401431683989358,940381,0.0065569911384955,3940381,1,single-word,
GCA_003627195.1,real,exact,,20,1000000,2.40428506610042,35.606831550598145,2.3853821579978103,2.435084059005021,996244,0.0090290122898295,3996244,1,single-word,
GCA_003627195.1,real,exact,,50,1000000,2.435683936698479,35.7069787979126,2.390419147995999,2.492723212999408,999998,0.0151849963003769,3999998,1,single-word,
GCA_003627195.1,real,exact,,64,1000000,2.4118272738996893,35.706963539123535,2.392087337997509,2.450029554995126,999997,0.0186050019692629,3999997,1,single-word,
GCA_000482265.1,real,exact,,5,1000000,3.67444037610112,27.28629493713379,3.5217377950029918,3.921288928002468,747886,0.010748000931926,3747886,1,single-word,
GCA_000482265.1,real,exact,,10,1000000,4.099013104799087,34.228535652160645,4.030948619998526,4.308878415991785,944605,0.0116260052891448,3944605,1,single-word,
GCA_000482265.1,real,exact,,20,1000000,4.222836069205369,35.63186702728272,4.087774620013079,4.479954100999748,997174,0.0121920020319521,3997174,1,single-word,
GCA_000482265.1,real,exact,,50,1000000,4.289182977301243,35.707181739807126,4.110083053004928,5.18206908099819,999998,0.0197719928110018,3999998,1,single-word,
GCA_000482265.1,real,exact,,64,1000000,4.187071033798565,35.70716800689697,4.144055689990637,4.269742410993786,999996,0.0233419996220618,3999996,1,single-word,
GCA_002843685.1,real,exact,,5,1000000,6.9023416869022185,27.293380737304688,5.758085556997685,7.416353221997269,748145,0.0100809993455186,3748145,1,single-word,
GCA_002843685.1,real,exact,,10,1000000,8.484873992599024,34.2313756942749,7.576719239994418,9.653988863006816,944700,0.0148809922393411,3944700,1,single-word,
GCA_002843685.1,real,exact,,20,1000000,9.409203556201827,35.63172016143799,8.657556029007537,9.833129806997022,997158,0.0171440042322501,3997158,1,single-word,
GCA_002843685.1,real,exact,,50,1000000,8.719873551298225,35.70749034881592,7.8259395269997185,9.428390675006083,999998,0.034416007110849,3999998,1,single-word,
GCA_002843685.1,real,exact,,64,1000000,8.89875882010092,35.707448387145995,8.667273879007553,9.27523328299867,999996,0.0361119891749694,3999996,1,single-word,
GCA_001566335.1,real,exact,,5,1000000,3.8041997815002095,27.59258079528809,3.5326193970104214,4.611712411991903,759380,0.0075080024544149,3759380,1,single-word,
GCA_001566335.1,real,exact,,10,1000000,4.126718681296916,34.30496282577515,4.072397626005113,4.1752582890039776,947475,0.0099850003607571,3947475,1,single-word,
GCA_001566335.1,real,exact,,20,1000000,4.216404147699359,35.62153148651123,4.106663113998366,4.490567366010509,996789,0.0123469944810494,3996789,1,single-word,
GCA_001566335.1,real,exact,,50,1000000,4.301198123698123,35.707156562805174,4.124659528999473,4.647569876993657,999996,0.0224560062633827,3999996,1,single-word,
GCA_001566335.1,real,exact,,64,1000000,4.388847965499735,35.70724391937256,4.243969250994269,4.651129157995456,999998,0.0280179956462234,3999998,1,single-word,
GCA_002966145.1,real,exact,,5,1000000,7.522941630496644,27.3302734375,6.644902170999558,7.922426505989279,749555,0.0113870046334341,3749555,1,single-word,
GCA_002966145.1,real,exact,,10,1000000,8.732122634899861,34.12526111602783,8.19819469700451,9.10862504999386,940737,0.0138709874590858,3940737,1,single-word,
GCA_002966145.1,real,exact,,20,1000000,8.91209777199838,35.59978351593018,8.73103971099772,9.251279645992328,995963,0.0184419914148747,3995963,1,single-word,
GCA_002966145.1,real,exact,,50,1000000,8.86729019129707,35.7074369430542,8.333258906000992,9.33184201498807,999996,0.0335610093316063,3999996,1,single-word,
GCA_002966145.1,real,exact,,64,1000000,8.930118218401912,35.70742282867432,8.464846796006896,9.552257087008911,999998,0.0423710007453337,3999998,1,single-word,
GCA_011750925.1,real,exact,,5,12880,0.0563017688007676,0.3449106216430664,0.0551175770087866,0.0571172089985339,9597,0.0051609968068078,48237,1,single-word,
GCA_011750925.1,real,exact,,10,12880,0.0669587091048015,0.4323244094848633,0.0649406860029557,0.0718632210046053,12115,0.0060309976106509,50755,1,single-word,
GCA_011750925.1,real,exact,,20,12880,0.0667237800997099,0.4511499404907226,0.0660962219990324,0.0675049799901899,12838,0.0082549959188327,51478,1,single-word,
GCA_011750925.1,real,exact,,50,12880,0.0664927828969666,0.4521493911743164,0.0655515929975081,0.0680601549975108,12876,0.0179800117621198,51516,1,single-word,
GCA_011750925.1,real,exact,,64,12880,0.0561758803014527,0.4521875381469726,0.0404484019964002,0.0689601630001561,12877,0.0127599923871457,51517,1,single-word,
GCA_030296535.1,real,approximate,1,5,100000,1.3705602685993654,6.849887275695801,1.2994879839970963,1.7717504479951458,78027,0.0144469959195703,1221973,2,single-word,1.0
GCA_030296535.1,real,approximate,1,10,100000,2.0546587182005167,8.332995796203614,1.872380857996177,2.148613921002834,94573,0.0116419978439807,1205427,2,single-word,1.0
GCA_030296535.1,real,approximate,1,20,100000,2.165052361798007,8.734238624572754,2.1121619429904968,2.217498815007275,99720,0.0174319866346195,1200280,2,single-word,1.0
GCA_030296535.1,real,approximate,1,50,100000,2.1841150150008617,8.756257057189941,2.1225484809983755,2.241878734988859,99995,0.0335889926645904,1200005,2,single-word,1.0
GCA_030296535.1,real,approximate,1,64,100000,2.0840449468014413,8.756352424621582,1.4608178539929213,2.194228260006639,99996,0.0245609990088269,1200004,2,single-word,1.0
GCA_042017895.1,real,approximate,1,5,100000,0.7997950025004684,6.59841022491455,0.6655164419935318,1.0674228110001422,74881,0.0063840125221759,1225119,2,single-word,1.0
GCA_042017895.1,real,approximate,1,10,100000,1.125717149900447,8.325755500793457,0.912383064001915,1.815266124001937,94482,0.0121219927677884,1205518,2,single-word,1.0
GCA_042017895.1,real,approximate,1,20,100000,1.49194369649922,8.732285499572754,1.1476174889976392,2.152245202989434,99696,0.0106270017568022,1200304,2,single-word,1.0
GCA_042017895.1,real,approximate,1,50,100000,1.6533235021997823,8.75646686553955,1.1376144149980971,2.281079555003089,99998,0.0178409973159432,1200002,2,single-word,1.0
GCA_042017895.1,real,approximate,1,64,100000,1.3299505812959975,8.756321907043457,1.136125324992463,1.5044412369898057,99996,0.0217820052057504,1200004,2,single-word,1.0
GCA_902729235.2,real,approximate,1,5,5273,0.0667237109984853,0.257236099243164,0.0649263699888251,0.070714389992645,3878,0.0057540019042789,64671,2,single-word,1.0
GCA_902729235.2,real,approximate,1,10,5273,0.0707786437007598,0.3409275054931641,0.0681638090027263,0.0718145030114101,4970,0.0090170069597661,63579,2,single-word,1.0
GCA_902729235.2,real,approximate,1,20,5273,0.0741701081002247,0.357883071899414,0.0705856190033955,0.0958837979997042,5260,0.0099129974842071,63289,2,single-word,1.0
GCA_902729235.2,real,approximate,1,50,5273,0.0712937013988266,0.3586139678955078,0.0696674009959679,0.0723455709958216,5269,0.0220729998545721,63280,2,single-word,1.0
GCA_902729235.2,real,approximate,1,64,5273,0.0649994229010189,0.3587894439697265,0.0540565130067989,0.0728266480000456,5271,0.0183359952643513,63278,2,single-word,1.0
GCA_045343875.1,real,approximate,1,5,100000,1.27614031679841,6.666091346740723,0.809793462001835,1.396598904990242,75731,0.0063779880292713,1224269,2,single-word,1.0
GCA_045343875.1,real,approximate,1,10,100000,1.2493723269013572,8.309520149230957,0.7953326989954803,1.848829430004116,94281,0.0082549959188327,1205719,2,single-word,1.0
GCA_045343875.1,real,approximate,1,20,100000,1.1439548462978564,8.72731876373291,1.076771893989644,1.2615980359987589,99634,0.0103480124380439,1200366,2,single-word,1.0
GCA_045343875.1,real,approximate,1,50,100000,1.254638072896341,8.756386756896973,1.1061336359998677,1.6766436109901406,99997,0.0176629982888698,1200003,2,single-word,1.0
GCA_045343875.1,real,approximate,1,64,100000,1.25475699660019,8.756321907043457,1.11674522300018,1.567814363996149,99996,0.0240379886236041,1200004,2,single-word,1.0
GCA_033344675.1,real,approximate,1,5,100000,0.9648521027993412,6.61452808380127,0.696016239002347,1.3215738619910553,75087,0.0064939958974719,1224913,2,single-word,1.0
GCA_033344675.1,real,approximate,1,10,100000,1.1050448064997909,8.309733772277832,0.9522991459962212,1.7397415390005335,94284,0.0081379985203966,1205716,2,single-word,1.0
GCA_033344675.1,real,approximate,1,20,100000,1.1064523511973676,8.728360176086426,1.013157996989321,1.194982360000722,99647,0.0111160043161362,1200353,2,single-word,1.0
GCA_033344675.1,real,approximate,1,50,100000,1.1448304711011588,8.75646686553955,1.0969935550092489,1.2554922190029174,99998,0.0192879961105063,1200002,2,single-word,1.0
GCA_033344675.1,real,approximate,1,64,100000,1.1495822848999524,8.756482124328613,1.07867169000383,1.3050359389890218,99998,0.0341230042977258,1200002,2,single-word,1.0
GCA_032878995.1,real,approximate,1,5,100000,1.238812673802022,7.011634254455567,0.693315900003654,1.3175828880048357,79105,0.0070250098360702,1220895,2,single-word,1.0
GCA_032878995.1,real,approximate,1,10,100000,1.0995764983963454,8.344771766662598,0.9361189320043196,1.6784126080019632,94718,0.0091399997472763,1205282,2,single-word,1.0
GCA_032878995.1,real,approximate,1,20,100000,1.6875037591002182,8.728337287902832,0.9804242039972452,2.195818503998453,99646,0.0161400093929842,1200354,2,single-word,1.0
GCA_032878995.1,real,approximate,1,50,100000,1.9664523746017948,8.756604194641113,1.115802779007936,2.235563988011563,99999,0.0312230113195255,1200001,2,single-word,1.0
GCA_032878995.1,real,approximate,1,64,100000,2.1681017973969574,8.756447792053223,2.112213692991645,2.2116323259979254,99997,0.0403699959861114,1200003,2,single-word,1.0
GCA_030296535.1,real,approximate,2,5,100000,1.3876081910013454,6.8491418838500975,1.3226844559976598,1.4341076530108694,78027,0.0080769968917593,2043946,3,single-word,2.0
GCA_030296535.1,real,approximate,2,10,100000,1.5901002272978075,8.333056831359864,1.4396636939927705,1.828585846000351,94573,0.009381998097524,2010854,3,single-word,2.0
GCA_030296535.1,real,approximate,2,20,100000,2.1553917486962746,8.734299659729004,1.53353430799325,2.85193455600529,99720,0.0169470004038885,2000560,3,single-word,2.0
GCA_030296535.1,real,approximate,2,50,100000,2.272351351303223,8.756329536437988,1.4660427990020253,2.9236890310130548,99995,0.0323470012517645,2000010,3,single-word,2.0
GCA_030296535.1,real,approximate,2,64,100000,1.7468568188982316,8.756436347961426,1.393352667990257,2.6734742440021364,99996,0.0209709978662431,2000008,3,single-word,2.0
GCA_042017895.1,real,approximate,2,5,100000,1.3986555688999942,6.597664833068848,1.3631782209995436,1.5291492440010188,74881,0.0078440061770379,2050238,3,single-word,2.0
GCA_042017895.1,real,approximate,2,10,100000,1.8172698602997115,8.325847053527832,1.4458951609994983,2.7883675350021804,94482,0.0121339980978518,2011036,3,single-word,2.0
GCA_042017895.1,real,approximate,2,20,100000,2.815457340001012,8.732377052307129,2.775229933002265,2.9170121240022127,99696,0.0154589943122118,2000608,3,single-word,2.0
GCA_042017895.1,real,approximate,2,50,100000,1.87184201060154,8.756569862365723,1.4194258080096915,2.804723841996747,99998,0.0197279878193512,2000004,3,single-word,2.0
GCA_042017895.1,real,approximate,2,64,100000,1.5041022650009837,8.756436347961426,1.4509855319920462,1.6028723990020808,99996,0.0407990009989589,2000008,3,single-word,2.0
GCA_902729235.2,real,approximate,2,5,5273,0.0470511519990395,0.2464946746826171,0.0452574439987074,0.0519913469906896,3878,0.0033740070648491,108250,3,single-word,2.0
GCA_902729235.2,real,approximate,2,10,5273,0.0477661436976632,0.3410190582275391,0.0473302440077532,0.0485976309864781,4970,0.0036010023904964,106066,3,single-word,2.0
GCA_902729235.2,real,approximate,2,20,5273,0.0507942588999867,0.3579692840576172,0.0475577320030424,0.0595382360043004,5260,0.0064390042098239,105486,3,single-word,2.0
GCA_902729235.2,real,approximate,2,50,5273,0.0481116000984911,0.3587169647216797,0.0474747909902362,0.0501960679976036,5269,0.0111900008050724,105468,3,single-word,2.0
GCA_902729235.2,real,approximate,2,64,5273,0.0485221645983983,0.3589038848876953,0.0476579409878468,0.0491550930019002,5271,0.0148489925777539,105464,3,single-word,2.0
GCA_045343875.1,real,approximate,2,5,100000,2.6877182780997826,6.665458106994629,2.651828365997062,2.7113992889935616,75731,0.0103189959190785,2048538,3,single-word,2.0
GCA_045343875.1,real,approximate,2,10,100000,1.4630172765988392,8.309611701965332,1.3996071299916366,1.5385669930110453,94281,0.0094809947768226,2011438,3,single-word,2.0
GCA_045343875.1,real,approximate,2,20,100000,1.6154917297040812,8.727410316467285,1.436261057999218,2.304127965006046,99634,0.0173830048879608,2000732,3,single-word,2.0
GCA_045343875.1,real,approximate,2,50,100000,2.1173443231964484,8.756489753723145,1.4228103200002806,2.881842975999461,99997,0.0196239998331293,2000006,3,single-word,2.0
GCA_045343875.1,real,approximate,2,64,100000,1.4854869229980978,8.756436347961426,1.433050384002854,1.5876343179988908,99996,0.0216390035348013,2000008,3,single-word,2.0
GCA_033344675.1,real,approximate,2,5,100000,2.702243746400927,6.613894844055176,2.6406903200113447,2.8144699510012288,75087,0.0101350015029311,2049826,3,single-word,2.0
GCA_033344675.1,real,approximate,2,10,100000,2.110464482998941,8.309825325012207,1.4157680369971786,2.83814008301124,94284,0.0094709976110607,2011432,3,single-word,2.0
GCA_033344675.1,real,approximate,2,20,100000,1.4894931560003897,8.7284517288208,1.4196243670012336,1.5842952560051344,99647,0.0109050015453249,2000706,3,single-word,2.0
GCA_033344675.1,real,approximate,2,50,100000,1.581355434798752,8.756569862365723,1.450717286003055,1.7519365490006749,99998,0.019175000488758,2000004,3,single-word,2.0
GCA_033344675.1,real,approximate,2,64,100000,1.605986430302437,8.756596565246582,1.431929543003207,2.4739889460033737,99998,0.0208319979719817,2000004,3,single-word,2.0
GCA_032878995.1,real,approximate,2,5,100000,1.4190090032017906,7.010926246643066,1.3460766670032172,1.4825333089975177,79105,0.0079189921962097,2041790,3,single-word,2.0
GCA_032878995.1,real,approximate,2,10,100000,2.653728236397728,8.344825172424317,1.6791664649936138,2.7929820559947984,94718,0.0131890119519084,2010564,3,single-word,2.0
GCA_032878995.1,real,approximate,2,20,100000,1.861817895101558,8.728398323059082,1.4024218520062277,2.8913595650083157,99646,0.017583995941095,2000708,3,single-word,2.0
GCA_032878995.1,real,approximate,2,50,100000,2.851270689397643,8.75667667388916,2.7797897179989377,3.113656878005713,99999,0.0345329899573698,2000002,3,single-word,2.0
GCA_032878995.1,real,approximate,2,64,100000,2.6459815259993773,8.75652027130127,1.6097256089997245,3.00997618099791,99997,0.0386070023523643,2000006,3,single-word,2.0
GCA_030296535.1,real,approximate,3,5,100000,1.7340427126997384,6.849186897277832,1.660046365999733,1.9533601399889449,78027,0.0137430033646523,2865919,4,single-word,3.0
GCA_030296535.1,real,approximate,3,10,100000,1.7251096863037674,8.333117866516114,1.710467515003984,1.7439006510103354,94573,0.0086399959400296,2816281,4,single-word,3.0
GCA_030296535.1,real,approximate,3,20,100000,1.7590833883004962,8.734360694885254,1.7290794130094582,1.8711996479978552,99720,0.0107950036181136,2800840,4,single-word,3.0
GCA_030296535.1,real,approximate,3,50,100000,1.7475272743962704,8.75639820098877,1.7272892210021382,1.7829378489986991,99995,0.0203279923880472,2800015,4,single-word,3.0
GCA_030296535.1,real,approximate,3,64,100000,1.7554804475978016,8.756512641906738,1.7257392180035822,1.8361131539859343,99996,0.0204910029424354,2800012,4,single-word,3.0
GCA_042017895.1,real,approximate,3,5,100000,1.698506503102544,6.597709846496582,1.6542160130047705,1.7929471870011184,74881,0.0072769908001646,2875357,4,single-word,3.0
GCA_042017895.1,real,approximate,3,10,100000,1.7779572332990938,8.325908088684082,1.7379303549969336,1.902731676003896,94482,0.0107389932963997,2816554,4,single-word,3.0
GCA_042017895.1,real,approximate,3,20,100000,1.9060537705023308,8.732438087463379,1.754249086996424,2.1474300190020585,99696,0.0098120071925222,2800912,4,single-word,3.0
GCA_042017895.1,real,approximate,3,50,100000,1.8355018928996287,8.756638526916504,1.7273293750040466,1.9900048589915968,99998,0.0271510070888325,2800006,4,single-word,3.0
GCA_042017895.1,real,approximate,3,64,100000,1.737604754799395,8.756512641906738,1.7132326290011406,1.7704876369971316,99996,0.0206339900614693,2800012,4,single-word,3.0
GCA_902729235.2,real,approximate,3,5,5273,0.07378930170089,0.2465023040771484,0.0607595780020346,0.1181041739910142,3878,0.0061920000007376,151829,4,single-word,3.0
GCA_902729235.2,real,approximate,3,10,5273,0.1206491234988789,0.3410800933837891,0.1188272279978264,0.1242648920015199,4970,0.0092020054580643,148553,4,single-word,3.0
GCA_902729235.2,real,approximate,3,20,5273,0.1205381392981507,0.3580303192138672,0.1190333799895597,0.1214368939981795,5260,0.0092219997895881,147683,4,single-word,3.0
GCA_902729235.2,real,approximate,3,50,5273,0.1214540899032727,0.3587856292724609,0.1199313980032457,0.1224608079937752,5269,0.0239410001086071,147656,4,single-word,3.0
GCA_902729235.2,real,approximate,3,64,5273,0.1194835821035667,0.3589801788330078,0.1186331159988185,0.1211368630029028,5271,0.0238790089497342,147650,4,single-word,3.0
GCA_045343875.1,real,approximate,3,5,100000,1.7909709872998063,6.665503120422363,1.6663623069907771,2.035294173998409,75731,0.0087160005932673,2872807,4,single-word,3.0
GCA_045343875.1,real,approximate,3,10,100000,1.7933743753979798,8.309672737121582,1.724132577990531,2.0414972319995286,94281,0.0088100059656426,2817157,4,single-word,3.0
GCA_045343875.1,real,approximate,3,20,100000,1.7547974345987314,8.727471351623535,1.744294717995217,1.7716529049939709,99634,0.0150650012074038,2801098,4,single-word,3.0
GCA_045343875.1,real,approximate,3,50,100000,1.7788649437992716,8.756558418273926,1.7286959320044843,2.017103035002947,99997,0.0171459978446364,2800009,4,single-word,3.0
GCA_045343875.1,real,approximate,3,64,100000,1.7473406811011956,8.756512641906738,1.7188100740022492,1.7910477359982906,99996,0.0215799955185502,2800012,4,single-word,3.0
GCA_033344675.1,real,approximate,3,5,100000,1.762367748001998,6.613827705383301,1.6769835330051135,2.034623458006536,75087,0.0082549959188327,2874739,4,single-word,3.0
GCA_033344675.1,real,approximate,3,10,100000,1.788669255102286,8.309886360168457,1.7418611600005534,1.8554461349995108,94284,0.0091299880295991,2817148,4,single-word,3.0
GCA_033344675.1,real,approximate,3,20,100000,1.7847731707050116,8.72851276397705,1.7592229950096223,1.8947854730067772,99647,0.0143049983307719,2801059,4,single-word,3.0
GCA_033344675.1,real,approximate,3,50,100000,2.7524926704994868,8.756638526916504,1.7641247610008577,3.4828553260012995,99998,0.0334009964717552,2800006,4,single-word,3.0
GCA_033344675.1,real,approximate,3,64,100000,3.454314886702923,8.756672859191895,3.4321691030054358,3.527821209994727,99998,0.0374330120394006,2800006,4,single-word,3.0
GCA_032878995.1,real,approximate,3,5,100000,1.957569782898645,7.010933876037598,1.6413016770093236,3.1159186069999123,79105,0.0110270048025995,2862685,4,single-word,3.0
GCA_032878995.1,real,approximate,3,10,100000,3.392218942298496,8.344859504699707,3.3692861210001865,3.4301845169975422,94718,0.0130910048028454,2815846,4,single-word,3.0
GCA_032878995.1,real,approximate,3,20,100000,3.4135880636997173,8.728459358215332,3.3999468380061444,3.438630983000621,99646,0.016499005141668,2801062,4,single-word,3.0
GCA_032878995.1,real,approximate,3,50,100000,3.428935901603836,8.756745338439941,3.4194333659979748,3.445334429998184,99999,0.02974399831146,2800003,4,single-word,3.0
GCA_032878995.1,real,approximate,3,64,100000,3.2530327718995977,8.75658893585205,1.7418874699942537,3.4449596730119083,99997,0.0204750103875994,2800009,4,single-word,3.0
GCA_030296535.1,real,extended,,100,100000,0.7910224801977165,3.5227441787719727,0.5737652120005805,1.1316615489922697,99998,0.0297570077236741,1500000,2,multi-word,
GCA_030296535.1,real,extended,,200,100000,1.1942857556030504,3.265213966369629,0.9147221839957638,1.590744953005924,90330,0.0637869961792603,2900000,4,multi-word,
GCA_030296535.1,real,extended,,400,100000,2.6713372042999253,3.490513801574707,2.015974743990228,3.783327011988149,98785,0.1069449936039745,5000000,7,multi-word,
GCA_030296535.1,real,extended,,800,100000,6.173938548397564,3.522702217102051,4.050466250992031,7.155974698995124,99991,0.392355999792926,9200000,13,multi-word,
GCA_042017895.1,real,extended,,100,100000,1.0346916477981722,3.5224390029907227,0.7946988869953202,1.077677023000433,99989,0.0290540046989917,1500000,2,multi-word,
GCA_042017895.1,real,extended,,200,100000,1.1303866484973697,3.235623359680176,0.9602823199966224,1.3867119229980744,89229,0.0602660002186894,2900000,4,multi-word,
GCA_042017895.1,real,extended,,400,100000,2.1239070310955865,3.490139961242676,1.934889805997955,2.5943191519909305,98774,0.1045130047714337,5000000,7,multi-word,
GCA_042017895.1,real,extended,,800,100000,5.559122929000296,3.522755622863769,3.522028682011296,7.01470734999748,99991,0.3516240103635937,9200000,13,multi-word,
GCA_011750965.1,real,extended,,100,13449,0.2913573536032345,0.4680042266845703,0.2566327180102234,0.3432996040064608,13445,0.0770019978517666,201735,2,multi-word,
GCA_011750965.1,real,extended,,200,13449,0.3918551795009989,0.4367275238037109,0.3629896310012555,0.4614341109991073,12247,0.1330160012003034,390021,4,multi-word,
GCA_011750965.1,real,extended,,400,13449,0.5276191896016826,0.4643764495849609,0.4065831629995955,0.5845595749997301,13303,0.231875994359143,672450,7,multi-word,
GCA_011750965.1,real,extended,,800,13449,0.9122157287041772,0.4682064056396484,0.709620587003883,1.0437494890065864,13445,0.4612920020008459,1237308,13,multi-word,
GCA_000005845.2,real,extended,,100,1000000,16.488979450099578,35.70581912994385,15.120553243003087,18.79692113099736,999950,0.0796469976194202,15000000,2,multi-word,
GCA_000005845.2,real,extended,,200,1000000,25.404745515601824,32.02430820465088,21.579631189000796,28.464742145006312,895588,0.1399510074406862,29000000,4,multi-word,
GCA_000005845.2,real,extended,,400,1000000,40.97107957079716,35.39077854156494,38.98083638299431,42.61286374500196,988146,0.212631988688372,50000000,7,multi-word,
GCA_000005845.2,real,extended,,800,1000000,69.6832249204017,35.703293800354004,67.0520230300026,71.41964470100356,999845,0.5289920081850141,92000000,13,multi-word,
GCA_001544635.1,real,extended,,100,1000000,16.65310267379682,35.70639514923096,13.73321106399817,18.58185042400146,999974,0.0797420070739463,15000000,2,multi-word,
GCA_001544635.1,real,extended,,200,1000000,25.21159552730241,32.00542163848877,22.854991658998188,28.35173955500068,894885,0.139115989441052,29000000,4,multi-word,
GCA_001544635.1,real,extended,,400,1000000,40.78304425819952,35.399746894836426,38.92094185799942,42.26382325399027,988484,0.276022998150438,50000000,7,multi-word,
GCA_001544635.1,real,extended,,800,1000000,69.74175508960033,35.70451831817627,68.82477208100318,70.66242122599215,999897,0.5456760118249804,92000000,13,multi-word,
GCA_011750915.1,real,extended,,100,15358,0.2356087696025497,0.5481977462768555,0.2097293529950548,0.3144953770097345,15351,0.0624149979557842,230370,2,multi-word,
GCA_011750915.1,real,extended,,200,15358,0.3580566202974296,0.4936513900756836,0.3417951540031936,0.4113507529982598,13830,0.1201080012833699,445382,4,multi-word,
GCA_011750915.1,real,extended,,400,15358,0.551063341400004,0.528559684753418,0.5379571539961034,0.6136899980047019,15158,0.209060002816841,767900,7,multi-word,
GCA_011750915.1,real,extended,,800,15358,0.849518866102153,0.5483007431030273,0.5846737249958096,0.9693193020066246,15352,0.4143949918216094,1412936,13,multi-word,
GCA_902729235.2,real,extended,,100,5273,0.0305879678024211,0.1839427947998047,0.0295332930108997,0.0338551150052808,5267,0.0223470124183222,79095,2,multi-word,
GCA_902729235.2,real,extended,,200,5273,0.0505089950020192,0.1678829193115234,0.0480547750048572,0.0589940950012533,4831,0.0450809893663972,152917,4,multi-word,
GCA_902729235.2,real,extended,,400,5273,0.1209175063995644,0.1778087615966797,0.0809634479956002,0.1454598929994972,5220,0.1464520028093829,263650,7,multi-word,
GCA_902729235.2,real,extended,,800,5273,0.2447784855976351,0.1841907501220703,0.1892319549951935,0.2777714029944036,5271,0.1541599922347813,485116,13,multi-word,
GCA_045343875.1,real,extended,,100,100000,1.039490211197699,3.52260684967041,0.8074481329967966,1.0839010080089793,99994,0.0299980019917711,1500000,2,multi-word,
GCA_045343875.1,real,extended,,200,100000,1.553117068100255,3.232365608215332,0.9913454060006188,2.261882744001923,89106,0.059451995184645,2900000,4,multi-word,
GCA_045343875.1,real,extended,,400,100000,2.82309413139883,3.4955835342407227,2.031233071989845,3.693220579007175,98977,0.1077359920600429,5000000,7,multi-word,
GCA_045343875.1,real,extended,,800,100000,3.678574548201868,3.522618293762207,3.4297629009961383,4.223545289001777,99987,0.2155620022676885,9200000,13,multi-word,
GCA_011750975.1,real,extended,,100,10240,0.1712527249022969,0.3575868606567383,0.160695223006769,0.2120846930047264,10236,0.0701959943398833,153600,2,multi-word,
GCA_011750975.1,real,extended,,200,10240,0.2993677551989094,0.3256044387817383,0.254371989009087,0.3805153639987111,9353,0.1062759984051808,296960,4,multi-word,
GCA_011750975.1,real,extended,,400,10240,0.4306525347055867,0.3545961380004883,0.3719309130101464,0.5076268730044831,10116,0.2336649922654032,512000,7,multi-word,
GCA_011750975.1,real,extended,,800,10240,0.7579099815993686,0.3576822280883789,0.6221374029992148,0.8575170469994191,10235,0.4863829963142052,942080,13,multi-word,
GCA_033344675.1,real,extended,,100,100000,0.6023665692977375,3.522713661193848,0.5691914000053657,0.6692505899991374,99997,0.0290479947580024,1500000,2,multi-word,
GCA_033344675.1,real,extended,,200,100000,1.5610171102991444,3.142369270324707,0.9257008069980656,2.3520243099919758,88913,0.1121119857998564,2900000,4,multi-word,
GCA_033344675.1,real,extended,,400,100000,2.963088091397367,3.4925966262817383,1.946175763994688,3.936190471998998,98857,0.1077610068023204,5000000,7,multi-word,
GCA_033344675.1,real,extended,,800,100000,3.418012573399756,3.522515296936035,3.260296528998879,3.974021517991787,99981,0.2387080021435395,9200000,13,multi-word,
GCA_011751015.1,real,extended,,100,10233,0.14556613349705,0.3573589324951172,0.1426249639916932,0.1516093240061309,10230,0.0658679928164929,153495,2,multi-word,
GCA_011751015.1,real,extended,,200,10233,0.2109717025014106,0.317056655883789,0.1583840520033845,0.2492213319928851,9028,0.1155469944933429,296757,4,multi-word,
GCA_011751015.1,real,extended,,400,10233,0.2528683947006357,0.3548831939697265,0.205181839002762,0.3644271009980002,10129,0.2084599982481449,511650,7,multi-word,
GCA_011751015.1,real,extended,,800,10233,0.5811618039035238,0.3574848175048828,0.4418357500107959,0.6575904060009634,10227,0.3985420044045895,941436,13,multi-word,
GCA_018458765.1,real,extended,,100,176631,3.07765613149968,6.2545928955078125,2.853762650003773,3.5867371299973456,176619,0.086338011897169,2649465,2,multi-word,
GCA_018458765.1,real,extended,,200,176631,4.901294075000624,5.629360198974609,4.291619882991654,5.482650111007388,158900,0.1353340048808604,5122299,4,multi-word,
GCA_018458765.1,real,extended,,400,176631,6.378577961499104,6.207305908203125,4.997639228007756,7.27052733200253,174840,0.2512119972379878,8831550,7,multi-word,
GCA_018458765.1,real,extended,,800,176631,10.805033822302358,6.254795074462891,9.08397982099268,12.503970436009697,176617,0.2631879906402901,16250052,13,multi-word,
GCA_011750995.1,real,extended,,100,11972,0.1898632695985725,0.4157533645629883,0.160212032002164,0.297923937003361,11967,0.0648310087854042,179580,2,multi-word,
GCA_011750995.1,real,extended,,200,11972,0.3009864609019132,0.384007453918457,0.2445074639981612,0.3498422559932805,10750,0.112251000246033,347188,4,multi-word,
GCA_011750995.1,real,extended,,400,11972,0.3047175148007227,0.4118127822875976,0.2386398450034903,0.426099971999065,11818,0.1010429987218231,598600,7,multi-word,
GCA_011750995.1,real,extended,,800,11972,0.6712556582991965,0.4158296585083008,0.4081235519988695,0.737519030997646,11967,0.4217759997118264,1101424,13,multi-word,
GCA_032878995.1,real,extended,,100,100000,0.7109780340018915,3.522637367248535,0.5754782970034285,1.0665554750012234,99993,0.0291329924948513,1500000,2,multi-word,
GCA_032878995.1,real,extended,,200,100000,0.9908133768025436,3.255814552307129,0.9106098640040728,1.081001908009057,89966,0.0499570014653727,2900000,4,multi-word,
GCA_032878995.1,real,extended,,400,100000,2.3684828162004123,3.49337100982666,1.953981276994455,3.555997817995376,98892,0.1084840041585266,5000000,7,multi-word,
GCA_032878995.1,real,extended,,800,100000,3.489449518203037,3.5228891372680664,3.3327813500072807,3.90795917599462,99995,0.197929999558255,9200000,13,multi-word,
GCA_003627195.1,real,extended,,100,1000000,16.6453931875978,35.705647468566895,14.182683539998834,18.943999438997707,999946,0.0803090078989043,15000000,2,multi-word,
GCA_003627195.1,real,extended,,200,1000000,23.794436961204337,32.16076374053955,18.3107818980061,27.78058154101018,900685,0.1371469988953322,29000000,4,multi-word,
GCA_003627195.1,real,extended,,400,1000000,41.15221432250255,35.40078830718994,39.80550661899906,42.98194030299783,988521,0.2695419971132651,50000000,7,multi-word,
GCA_003627195.1,real,extended,,800,1000000,70.50427184110158,35.70323657989502,68.38756453499082,72.76512612399529,999848,0.5033420020481572,92000000,13,multi-word,
GCA_000482265.1,real,extended,,100,1000000,16.81336884929915,35.70581531524658,13.163786716992036,18.435550651003723,999950,0.0811119971331209,15000000,2,multi-word,
GCA_000482265.1,real,extended,,200,1000000,24.978767570000493,32.02441501617432,21.300567604994285,28.62458697900001,895593,0.1438539911760017,29000000,4,multi-word,
GCA_000482265.1,real,extended,,400,1000000,40.82008155070216,35.39066791534424,38.93532522699388,42.63351094399695,988145,0.268079005763866,50000000,7,multi-word,
GCA_000482265.1,real,extended,,800,1000000,69.99649260709847,35.70316028594971,67.60905300200102,72.35967458698724,999845,0.2673699927981943,92000000,13,multi-word,
GCA_013694185.1,real,extended,,100,176088,2.789826963099768,6.239605903625488,2.352552027994534,3.447004690999165,176074,0.0869030045578256,2641320,2,multi-word,
GCA_013694185.1,real,extended,,200,176088,4.76541532510164,5.601929664611816,4.275602848996641,5.153157594002551,157891,0.1348590012639761,5106552,4,multi-word,
GCA_013694185.1,real,extended,,400,176088,7.700669264695898,6.193543434143066,6.332731574992067,8.21681425398856,174343,0.2362289960728958,8804400,7,multi-word,
GCA_013694185.1,real,extended,,800,176088,12.254481512698112,6.23940372467041,11.261528682996868,13.982612723004422,176060,0.4902479995507747,16200096,13,multi-word,
GCA_011750925.1,real,extended,,100,12880,0.184445805400901,0.4522943496704101,0.1628769469971303,0.2393010249943472,12877,0.0621660001343116,193200,2,multi-word,
GCA_011750925.1,real,extended,,200,12880,0.239359441002307,0.410344123840332,0.1733695990114938,0.3586260110023431,11711,0.058535995776765,373520,4,multi-word,
GCA_011750925.1,real,extended,,400,12880,0.419917521699972,0.4485063552856445,0.2844614650093717,0.5415528370067477,12731,0.1822850026655942,644000,7,multi-word,
GCA_011750925.1,real,extended,,800,12880,0.7790351171017391,0.4524164199829101,0.6969959090056363,0.9298306340060662,12875,0.4076100012753159,1184960,13,multi-word,
SYNTH_750K,synthetic,exact,,5,750000,4.255433903100493,20.45304584503174,2.528435668005841,5.077897711002152,571913,0.0110030086943879,2821913,1,single-word,
SYNTH_750K,synthetic,exact,,10,750000,5.341285742998298,25.268750190734863,4.520540621000691,6.388490359007847,707836,0.0122399942483752,2957836,1,single-word,
SYNTH_750K,synthetic,exact,,20,750000,6.425011285499204,27.036465644836422,5.468785920995288,7.451128879998578,747553,0.0179869966814294,2997553,1,single-word,
SYNTH_750K,synthetic,exact,,50,750000,5.893327484602923,27.10173892974853,5.131040214007953,6.522317650000332,749997,0.0358719989890232,2999997,1,single-word,
SYNTH_750K,synthetic,exact,,64,750000,6.219830828996782,27.101696968078613,5.645261252997443,6.496826205999241,749995,0.0436789996456354,2999995,1,single-word,
SYNTH_100K,synthetic,exact,,5,100000,0.5884483108035056,2.7327661514282227,0.5784332400071435,0.6306074220046867,76368,0.0093510025180876,376368,1,single-word,
SYNTH_100K,synthetic,exact,,10,100000,0.590757261600811,3.373234748840332,0.3427203360042767,0.6818903200037312,94391,0.0083479972090572,394391,1,single-word,
SYNTH_100K,synthetic,exact,,20,100000,0.4998566678958013,3.5140390396118164,0.3465227260021493,0.6775516960042296,99677,0.0126020022435113,399677,1,single-word,
SYNTH_100K,synthetic,exact,,50,100000,0.41734226889821,3.5226221084594727,0.2663785939948866,0.539348570004222,99998,0.0234239996643736,399998,1,single-word,
SYNTH_100K,synthetic,exact,,64,100000,0.5476640027001849,3.5225534439086914,0.5367580159945646,0.5598041439952794,99995,0.0353590003214776,399995,1,single-word,
SYNTH_250K,synthetic,exact,,5,250000,1.1559054561992526,6.870224952697754,0.7535997700033477,1.4853889419900952,190546,0.0091710098786279,940546,1,single-word,
SYNTH_250K,synthetic,exact,,10,250000,1.0588454575976356,8.493851661682129,0.6773929789924296,1.317053977996693,235993,0.00716200156603,985993,1,single-word,
SYNTH_250K,synthetic,exact,,20,250000,1.5720928633963922,8.84755802154541,0.6878047459904337,1.919068752002204,249251,0.0163509976118803,999251,1,single-word,
SYNTH_250K,synthetic,exact,,50,250000,1.947000073899108,8.8674898147583,1.7915622760046972,2.2706218650127994,249997,0.0249329896178096,999997,1,single-word,
SYNTH_250K,synthetic,exact,,64,250000,1.873166060600488,8.867527961730957,1.4101218529976904,2.6059378670033766,249998,0.0368930050171911,999998,1,single-word,
SYNTH_AT_RICH,synthetic,exact,,5,1000000,5.945268614096858,27.6859712600708,4.7702997019951,6.815890870988369,762897,0.0096330040832981,3762897,1,single-word,
SYNTH_AT_RICH,synthetic,exact,,10,1000000,7.8962573921002335,34.20362186431885,5.937099998991471,9.081940286996542,943693,0.0135250011226162,3943693,1,single-word,
SYNTH_AT_RICH,synthetic,exact,,20,1000000,8.285663297801511,35.621811866760254,7.984378535998985,8.498052862007171,996809,0.0188810081453993,3996809,1,single-word,
SYNTH_AT_RICH,synthetic,exact,,50,1000000,7.859815327799879,35.7069787979126,5.021241408001515,8.672175662999507,999998,0.0348610046785324,3999998,1,single-word,
SYNTH_AT_RICH,synthetic,exact,,64,1000000,8.220809874599217,35.706963539123535,7.631701272999635,8.61329834299977,999997,0.0429219944635406,3999997,1,single-word,
SYNTH_500K,synthetic,exact,,5,500000,2.527034650997666,13.789254188537598,1.4666210969880922,3.8783524759928696,381144,0.0072149996412917,1881144,1,single-word,
SYNTH_500K,synthetic,exact,,10,500000,3.3681686397016164,17.041802406311035,2.562262631006888,4.720384580999962,471759,0.0087700027506798,1971759,1,single-word,
SYNTH_500K,synthetic,exact,,20,500000,3.440767692899681,17.752873420715332,2.7196394049969967,4.569946093004546,498395,0.0167099933605641,1998395,1,single-word,
SYNTH_500K,synthetic,exact,,50,500000,3.796721033200447,17.79563617706299,2.069226722989697,4.650788262995775,499997,0.021097992430441,1999997,1,single-word,
SYNTH_500K,synthetic,exact,,64,500000,4.168465866999759,17.795674324035645,3.670857906996389,4.696527420004713,499998,0.0403599988203495,1999998,1,single-word,
SYNTH_2M,synthetic,exact,,5,1000000,6.121043210002244,27.68407154083252,5.063230829007807,7.4079749550001,762805,0.0109929969767108,3762805,1,single-word,
SYNTH_2M,synthetic,exact,,10,1000000,8.26534385549894,34.20824146270752,6.807446439997875,8.981560293992516,943850,0.0136150047183036,3943850,1,single-word,
SYNTH_2M,synthetic,exact,,20,1000000,7.727060742801404,35.6240816116333,5.224012014004984,8.753633415006334,996894,0.0116469891509041,3996894,1,single-word,
SYNTH_2M,synthetic,exact,,50,1000000,7.741103121101332,35.7069787979126,5.843879175008624,8.717327756006853,999998,0.0338800018653273,3999998,1,single-word,
SYNTH_2M,synthetic,exact,,64,1000000,8.240994959099044,35.70693683624268,7.187255113996798,8.670532315998571,999996,0.0426780025009065,3999996,1,single-word,
SYNTH_1M,synthetic,exact,,5,1000000,5.423726220999379,27.66818332672119,4.827587930994923,6.231183028008672,762218,0.0118699972517788,3762218,1,single-word,
SYNTH_1M,synthetic,exact,,10,1000000,7.785308616198018,34.196839332580566,5.718603681001696,8.953487715989468,943429,0.0143650104291737,3943429,1,single-word,
SYNTH_1M,synthetic,exact,,20,1000000,6.885329222600558,35.62242603302002,4.494998840993503,8.630031291002524,996829,0.0126230006571859,3996829,1,single-word,
SYNTH_1M,synthetic,exact,,50,1000000,8.04876401579968,35.70695209503174,7.607021129995701,8.598165798000991,999996,0.0303940032608807,3999996,1,single-word,
SYNTH_1M,synthetic,exact,,64,1000000,7.367855757199868,35.707016944885254,4.788401113997679,8.695359132994781,999998,0.0246719864662736,3999998,1,single-word,
SYNTH_750K,synthetic,extended,,100,750000,11.330014827402191,27.10097980499268,7.675556242000312,12.555059058999175,749964,0.0757109955884516,11250000,2,multi-word,
SYNTH_750K,synthetic,extended,,200,750000,20.45533965749928,24.382821083068848,19.776026032006484,21.71396925499721,674642,0.1414540020050481,21750000,4,multi-word,
SYNTH_750K,synthetic,extended,,400,750000,29.65882557169971,26.903244972229004,18.205118883997784,35.070181606992264,742552,0.2516410022508353,37500000,7,multi-word,
SYNTH_750K,synthetic,extended,,800,750000,50.34475276080048,27.10002994537353,40.27121153299231,54.6084286050027,749923,0.4697950062109157,69000000,13,multi-word,
SYNTH_100K,synthetic,extended,,100,100000,0.8885971467010677,3.52260684967041,0.5808994440012611,1.094635946006747,99993,0.0487340003019198,1500000,2,multi-word,
SYNTH_100K,synthetic,extended,,200,100000,2.114148723997641,3.255623817443848,1.72872059000656,2.797338010990643,89972,0.1370509999105706,2900000,4,multi-word,
SYNTH_100K,synthetic,extended,,400,100000,4.0414013437999525,3.496468544006348,3.2818454740045127,4.325822961996892,99009,0.2519959962228313,5000000,7,multi-word,
SYNTH_100K,synthetic,extended,,800,100000,7.200334089802345,3.522862434387207,7.122620057998574,7.239972248004051,99994,0.4902469954686239,9200000,13,multi-word,
SYNTH_250K,synthetic,extended,,100,250000,3.4353391917000407,8.86733341217041,1.5191826770023908,4.487907864997396,249989,0.0756430090405047,3750000,2,multi-word,
SYNTH_250K,synthetic,extended,,200,250000,5.039129735899041,7.986992835998535,3.720476971007884,6.673149780996027,225155,0.0783419964136555,7250000,4,multi-word,
SYNTH_250K,synthetic,extended,,400,250000,9.586286364700936,8.7998628616333,5.887442738996469,10.549380887008738,247454,0.2485530130797997,12500000,7,multi-word,
SYNTH_250K,synthetic,extended,,800,250000,18.57336610930215,8.86727237701416,17.798662921006326,20.73417164900457,249980,0.5245979991741478,23000000,13,multi-word,
SYNTH_AT_RICH,synthetic,extended,,100,1000000,12.26675986879709,35.70618152618408,9.236101382004565,16.625772800995037,999966,0.0421020085923373,15000000,2,multi-word,
SYNTH_AT_RICH,synthetic,extended,,200,1000000,21.98711571960012,32.13533115386963,14.77745516700088,28.839729586004974,899746,0.0704229896655306,29000000,4,multi-word,
SYNTH_AT_RICH,synthetic,extended,,400,1000000,41.49873982229765,35.44159412384033,35.47563027100114,46.32998673799739,990051,0.247026007855311,50000000,7,multi-word,
SYNTH_AT_RICH,synthetic,extended,,800,1000000,70.1869656891009,35.704976081848145,66.53858513500018,76.00119911899674,999913,0.4836729931412264,92000000,13,multi-word,
SYNTH_500K,synthetic,extended,,100,500000,7.891862676596792,17.79531955718994,6.199183475997415,8.369147332996363,499983,0.0427610066253691,7500000,2,multi-word,
SYNTH_500K,synthetic,extended,,200,500000,12.268749468997704,16.01033115386963,7.591204565003863,13.324359955004184,449649,0.1355059939669445,14500000,4,multi-word,
SYNTH_500K,synthetic,extended,,400,500000,20.065349178299947,17.66301441192627,11.928574496996587,22.58113160100765,495021,0.2601939922897145,25000000,7,multi-word,
SYNTH_500K,synthetic,extended,,800,500000,36.879679603599655,17.79448413848877,34.74712252098834,39.91134556400357,499943,0.2229809906566515,46000000,13,multi-word,
SYNTH_2M,synthetic,extended,,100,1000000,15.562967618998664,35.706074714660645,9.533556326001415,16.724366784997983,999962,0.0773780047893524,15000000,2,multi-word,
SYNTH_2M,synthetic,extended,,200,1000000,27.56292322040099,32.13784122467041,25.27479502100323,30.64611952000996,899832,0.1397410087520256,29000000,4,multi-word,
SYNTH_2M,synthetic,extended,,400,1000000,40.57399540700135,35.44394016265869,34.41389288700884,46.68065616300737,990138,0.2414780028630048,50000000,7,multi-word,
SYNTH_2M,synthetic,extended,,800,1000000,67.11457826320256,35.70478916168213,50.928809655000805,75.15843964900705,999905,0.4893939913017675,92000000,13,multi-word,
SYNTH_1M,synthetic,extended,,100,1000000,14.809005899500336,35.70619297027588,9.179102378999232,16.552162040999974,999963,0.0777859968366101,15000000,2,multi-word,
SYNTH_1M,synthetic,extended,,200,1000000,26.710079485901225,32.134140968322754,22.01463725800568,29.566255910001928,899693,0.1438320032320916,29000000,4,multi-word,
SYNTH_1M,synthetic,extended,,400,1000000,40.66992519999913,35.437771797180176,35.16226377799467,46.59372669800359,989906,0.2469220053171739,50000000,7,multi-word,
SYNTH_1M,synthetic,extended,,800,1000000,67.57598023810132,35.70483875274658,48.72588594201079,75.8981647430046,999905,0.4895610036328435,92000000,13,multi-word,
